name,lat,lon
112 BOULEVARD D'ANFA,33.5920589,-7.6339546
112 BOULEVARD D'ANFA,33.5921369,-7.6335241
4EME ARRONDISSEMENT,33.5571297,-7.5726113
4EME ARRONDISSEMENT,33.5576585,-7.5734719
ABATOIRS MUNICIPAUX,33.5495953,-7.5497331
ABATOIRS MUNICIPAUX,33.5497557,-7.549414
ABOUAB AL OULFA,33.5453151,-7.7067268
ABOUAB AL OULFA,33.5457429,-7.7056403
ABRAR MEDIOUNA,33.4707323,-7.5276384
ABRAR MEDIOUNA,33.4708154,-7.527381
ACADEMIE D'EDUCATION,33.5693738,-7.667661
ACADEMIE D'EDUCATION,33.569796,-7.6679979
ACCES PLAGE N13,33.5844634,-7.6897968
ACCES PLAGE N13,33.5849752,-7.6892537
AEROPORT ANFA,33.5660598,-7.6524169
AEROPORT TIT MELLIL,33.6026176,-7.4677084
AEROPORT TIT MELLIL,33.6027287,-7.4682084
AEROPORT TIT MELLIL 2,33.5950194,-7.4712287
AEROPORT TIT MELLIL 2,33.5952199,-7.4713794
AGENCE BANQUAIRE AZHAR,33.6021263,-7.4832528
AGENCE BANQUAIRE AZHAR,33.6024105,-7.4828351
AIN ABBOU,33.5803144,-7.3761687
AIN ABBOU,33.5803631,-7.3759699
AIN DIAB,33.5918781,-7.676855
AIN DIAB,33.591935,-7.6762703
AIN GUEDDID,33.5520189,-7.7342943
AIN GUEDDID,33.5520876,-7.7345252
AIN HARROUDA CENTRE,33.6341638,-7.4552827
AIN HARROUDA CENTRE,33.6342183,-7.4558809
AL ADARISSA,33.5806038,-7.5407543
AL ADARISSA,33.5807103,-7.5408551
AL ARSA MEDIOUNA,33.4297783,-7.5224878
AL ARSA MEDIOUNA,33.4298356,-7.5228069
AL ARSAT BOUSKOURA,33.4792246,-7.6643608
AL ARSAT BOUSKOURA,33.4792704,-7.6642742
AL AZHARI II,33.5480729,-7.6833362
AL GHOFRANE,33.5217724,-7.5251291
AL GHOFRANE,33.5219443,-7.5250432
AL HOUDA,33.5856727,-7.5255864
AL HOUDA,33.5860812,-7.525399
AL KHALIL,33.5477112,-7.5987011
AL KHALIL,33.5479076,-7.5988381
AL MADINA LJADIDA1,33.5550768,-7.5332239
AL MADINA LJADIDA1,33.5554624,-7.5330085
AL MASSIRA 1 DEROUA,33.4008646,-7.5343303
AL WATTASSINE,33.5516727,-7.7048607
AL WATTASSINE,33.5520617,-7.703944
ALLEE DES CITRONNIERS,33.6129558,-7.5280558
ALLEE DES CITRONNIERS,33.6130556,-7.5281281
ALLEE DES EUCALYBTUS,33.6105241,-7.5419354
ALLEE DES EUCALYBTUS,33.6109583,-7.541652
ALLEE DES MIMOSAS,33.6057861,-7.5267706
ALLEE DES MIMOSAS,33.6058897,-7.5269722
ALLEE LES JARDINS,33.6188028,-7.540281
ALLEE LES JARDINS,33.6189461,-7.5405108
AMGALA 1,33.6168433,-7.4999219
AMGALA1,33.6169522,-7.5002358
ANAPEC SIDI MOUMEN,33.580747,-7.5435881
ANAPEC SIDI MOUMEN,33.5809189,-7.543477
ANGLE ALLEE DES CYPRES,33.6038011,-7.5468474
ANGLE ALLEE DES CYPRES,33.6039846,-7.5466484
ANGLE AVENUE LAHRAOUIYINE,33.5537148,-7.5767824
ANGLE AVENUE LAHRAOUIYINE,33.553944,-7.5762261
ANGLE AVENUE MEKNES,33.5390181,-7.5930805
ANGLE AVENUE MEKNES,33.5391718,-7.5927794
ANGLE BD ANFA/BDZERKTOUNI,33.5897948,-7.6350217
ANGLE BD ANFA/BDZERKTOUNI,33.5898897,-7.634779
ANGLE BD BALTI BEN MEKKI,33.6033033,-7.5812864
ANGLE BD BALTI BEN MEKKI,33.6034294,-7.5804251
ANGLE BD IFNI,33.5840948,-7.5972978
ANGLE BD STENDAL / GHANDI,33.5660756,-7.6370853
ANGLE BD TAHIRI EL BEKAY,33.6156539,-7.5515081
ANGLE BD TAHIRI EL BEKAY,33.6160091,-7.5517579
ANGLE BOLEVARD STENDAL GHANDI,33.566085,-7.6373607
ANGLE BOULEVARD ABOU REGREG,33.5658222,-7.676654
ANGLE BOULEVARD ABOU REGREG,33.5670387,-7.6768778
ANGLE BOULEVARD AL BINA,33.6250137,-7.5051501
ANGLE BOULEVARD AL BINA,33.62522,-7.5051364
ANGLE BOULEVARD AL HOUCEIMA,33.54975,-7.6166443
ANGLE BOULEVARD AL HOUCEIMA,33.550292,-7.6159074
ANGLE BOULEVARD C AIN SEBAA,33.6227809,-7.5259892
ANGLE BOULEVARD C AIN SEBAA,33.6231018,-7.5264418
ANGLE BOULEVARD IFNI,33.5843543,-7.5974301
ANGLE BOULEVARD MAADAN,33.6339484,-7.5078757
ANGLE BOULEVARD MAADAN,33.6340579,-7.507961
ANGLE BOULEVARD RAMALLAH,33.533309,-7.6135652
ANGLE BOULEVARD RAMALLAH,33.5339624,-7.6127902
ANGLE BOULEVARD TAH/ MOHAMED 6,33.5357259,-7.5768084
ANGLE BOULEVARD TAH/ MOHAMED6,33.5354271,-7.5769471
ANGLE CHEMIN DES PIVOINES,33.588883,-7.5459178
ANGLE CHEMIN DES PIVOINES,33.5889976,-7.5456645
ANGLE MOHAMED 6/11 JANVIER,33.6974298,-7.3659053
ANGLE MOHAMED 6/11 JANVIER,33.6975845,-7.3660932
ANGLE N9 / P3015,33.5109808,-7.4980431
ANGLE N9 / P3015,33.5111074,-7.4976191
ANGLE N9 / P3016,33.5279644,-7.4946249
ANGLE N9 / P3016,33.5281758,-7.4943453
ANGLE OUED DAHAB / AL JOULANE,33.5461329,-7.5642261
ANGLE OUED DAHAB / AL JOULANE,33.546548,-7.564309
ANGLE POMME D'OR,33.5496772,-7.6202126
ANGLE POMME D'OR,33.5497442,-7.6201748
ANGLE ROUTE N1/P3032,33.5090012,-7.7052258
ANGLE ROUTE N1/P3032,33.5091559,-7.705337
ANGLE RUE BEN LARBI,33.5796537,-7.6541056
ANGLE RUE BEN LARBI,33.5799482,-7.6539647
ANGLE RUE DE DAX,33.5997947,-7.5892508
ANGLE RUE DE DAX,33.5998653,-7.5894541
ANGLE RUE DE FLORENCE,33.5835144,-7.6121334
ANGLE RUE DE FLORENCE,33.5836691,-7.6124496
ANGLE RUE DE LA VICTOIRE,33.6013894,-7.5854076
ANGLE RUE DE LA VICTOIRE,33.6014214,-7.5857246
ANGLE RUE ENNAKHIL,33.5533734,-7.6440311
ANGLE RUE ENNAKHIL,33.5537971,-7.6442827
ANGLE RUE MAAMOURA,33.6055398,-7.5753694
ANGLE RUE MAAMOURA,33.6056308,-7.5755087
ANGLE RUE RIF,33.69908,-7.3930102
ANGLE RUE RIF,33.6991315,-7.3928389
ANGLE RUE SOURZAC,33.5982838,-7.5811946
ANGLE RUE SOURZAC,33.598417,-7.5810389
ANGLE RUE TAMASKIN,33.575195,-7.6625465
ANGLE RUE TIZNIT,33.6849187,-7.4027866
ANGLE RUE TIZNIT,33.6850654,-7.4029545
ANNEXE FARAH SALAM,33.5400886,-7.6911385
ANNEXE FARAH SALAM,33.5403764,-7.6910331
AQUAPARC,33.523139,-7.786701
AQUAPARC A,33.5232851,-7.7859922
ARCHIVE I,33.5128886,-7.6560616
ARCHIVE I,33.5129808,-7.6559127
ARRET BATA,33.5851989,-7.5775811
ARRET BATA,33.5854247,-7.5774358
ARRET BEAULIEU,33.6043334,-7.5391144
ARRET BEAULIEU,33.6044819,-7.5391423
ARRET BENJDIA,33.5848494,-7.607089
ARRET BRADAA,33.6999384,-7.3706684
ARRET CARDO,33.4246475,-7.5242319
ARRET CARDO,33.4247354,-7.5244813
ARRET CASCADE 1,33.6434423,-7.408283
ARRET CASCADE 1,33.6435856,-7.4082326
ARRET CHAABI 1,33.3717377,-7.5445776
ARRET CHAABI 1,33.3720414,-7.5446699
ARRET CHTAIBA,33.5653837,-7.5713302
ARRET CMC,33.5877965,-7.6274868
ARRET CMC,33.5891961,-7.6263578
ARRET EL BIR,33.3924805,-7.6021358
ARRET EL BIR,33.3927848,-7.6019622
ARRET HASSAN II,33.5840432,-7.6229782
ARRET ISCAE,33.5267629,-7.6357358
ARRET KM15,33.6323361,-7.4710648
ARRET KM15,33.6323842,-7.4701854
ARRET KOREA,33.562237,-7.5957754
ARRET KOREA,33.562522,-7.5959144
ARRET L'AUBERGE 1,33.6513067,-7.4764008
ARRET LAARJA,33.6597636,-7.4387558
ARRET LAARJA,33.6597905,-7.4385438
ARRET LAMJADBA 1,33.6141716,-7.3607349
ARRET LAMJADBA 1,33.6142742,-7.3608175
ARRET LFARFARA,33.5431753,-7.7105022
ARRET MDAKRA,33.5815778,-7.5625152
ARRET MDAKRA,33.581752,-7.5626418
ARRET METRO,33.5383836,-7.6432085
ARRET PALMERIE 1,33.4864267,-7.6006278
ARRET PALMERIE 1,33.4866656,-7.6005762
ARRET PERLA,33.3924387,-7.5607912
ARRET PERLA,33.3926478,-7.5608886
ARRET RACHAD,33.5664447,-7.6094476
ARRET TADLA,33.6890681,-7.3921067
ARRET TADLA,33.6891901,-7.3917918
ARRET TAJ 1,33.386139,-7.5584008
ARRET TAJ 1,33.3863195,-7.5584764
ARRET TIKIOUIN,33.5780836,-7.5532574
ARRET TIYANA 1,33.4440278,-7.5196488
ARRET TIYANA 1,33.4440931,-7.5197668
ARRONDISSEMENT GHANDI,33.5754049,-7.6518549
ARRONDISSEMENT GHANDI,33.5755971,-7.6517976
ARRONDISSEMENT LAYMOUNE,33.5377127,-7.6685707
ARRONDISSEMENT LAYMOUNE,33.5379741,-7.6680424
ARRONDISSEMENT SALAM II,33.5847692,-7.4801216
ARRONDISSEMENT SALAM II,33.584964,-7.4800219
ASSOCIATION BAYTI,33.6198302,-7.4908789
ASSOCIATION BAYTI,33.6199373,-7.4912112
ATLANTA SPORT,33.5395966,-7.6815078
ATLANTA SPORT,33.5396556,-7.6815601
AUDA ANFA,33.561412,-7.6699889
AUTOROUTE A7,33.4820217,-7.6290212
AUTOROUTE A7,33.4823908,-7.6288971
AV 10 MARS,33.5553673,-7.5571919
AV 10 MARS,33.5556457,-7.5571008
AVENUE 6 NOVEMBRE 1975,33.5517038,-7.5871518
AVENUE 6 NOVEMBRE 1975,33.552,-7.5871501
AVENUE ABOU BAKR EL KADIRI,33.5275316,-7.6494821
AVENUE ABOU BAKR EL KADIRI,33.5276486,-7.6495337
AVENUE DES FAR,33.5968,-7.6131341
AVENUE HACHMI FILALI,33.5243622,-7.6166775
AVENUE HACHMI FILALI,33.5244883,-7.6170041
AVENUE JOUDAR,33.5613308,-7.5256587
AVENUE JOUDAR,33.5614555,-7.5254649
AVENUE MOHAMED BOUZIANE,33.5638023,-7.5566218
AVENUE MOHAMED BOUZIANE,33.5640166,-7.5567719
AVENUE PASTEUR,33.5959919,-7.6019597
AVENUE PASTEUR,33.596227,-7.6024877
AVENUE REDA GUEDIRA,33.5554079,-7.5737148
AVENUE REDA GUEDIRA,33.5555999,-7.5735893
AVENUE TADDART,33.539733,-7.6179093
AVENUE TADDART,33.5404795,-7.6183981
AZBANE 1,33.5364803,-7.6651715
AZBANE 1,33.5369043,-7.6652872
AZHAR OULFA,33.543774,-7.6871301
AZHAR OULFA,33.5438084,-7.6872103
BAB AL BAIDA,33.4763793,-7.6609219
BAB AL BAIDA,33.4765031,-7.6607878
BACHAOUIA BOUSKOURA,33.4710004,-7.6381359
BACHAOUIA BOUSKOURA,33.4714095,-7.6386802
BACHAOUIAT AL AZHAR,33.5989671,-7.4890832
BACHAOUIAT AL AZHAR,33.5990324,-7.4890597
BASATINE AL FIRDAOUS,33.6677546,-7.3589731
BASATINE AL FIRDAOUS,33.6679254,-7.358937
BASATINE AL GHOFRANE,33.5230467,-7.5218971
BASATINE AL GHOFRANE,33.5231304,-7.5219641
BASSATINE AL OULFA,33.5502292,-7.6975482
BASSATINE AL OULFA,33.5504451,-7.6974182
BAYTI SAKAN 1,33.6852774,-7.3420886
BAYTI SAKAN 1,33.6854493,-7.34206
BD HASSAN 2 MOHAMMEDIA 01,33.6915899,-7.3944385
BD HASSAN 2 MOHAMMEDIA 01,33.691887,-7.3935357
BD HASSAN 2 MOHAMMEDIA 03,33.6875746,-7.3992663
BD HASSAN 2 MOHAMMEDIA 03,33.6877478,-7.3994753
BEAUSEJOUR,33.5644544,-7.6462215
BEAUSEJOUR,33.5649259,-7.6465435
BEN HAMOU,33.4581684,-7.5167536
BEN HAMOU,33.4583632,-7.517086
BENI MGUILD,33.5711141,-7.604315
BENJDIA,33.5850407,-7.6071721
BLOC 33 LALLA MERIEM,33.5603039,-7.5527721
BLOC 33 LALLA MERIEM,33.5604242,-7.55285
BNI YAKHLEF,33.6642642,-7.3409352
BNI YAKHLEF 2,33.6611444,-7.3425011
BOULEVARD 9 AVRIL,33.5822638,-7.6283015
BOULEVARD 9 AVRIL,33.5826329,-7.6293945
BOULEVARD ABDELHADI BOUTALEB,33.5759089,-7.6766599
BOULEVARD ABDELHADI BOUTALEB,33.576106,-7.6767584
BOULEVARD ABDELMOUMEN,33.5791825,-7.6253022
BOULEVARD ABDELMOUMEN,33.5801957,-7.6246118
BOULEVARD ABDELMOUMEN 2,33.57808,-7.625376
BOULEVARD ABDERRAHIM BOUABID,33.5624467,-7.6430536
BOULEVARD ABDERRAHIM BOUABID,33.5627332,-7.6431092
BOULEVARD ABOU HOURAIRA,33.5616926,-7.5723052
BOULEVARD ABOU HOURAIRA,33.5622784,-7.5720777
BOULEVARD ABOU HOURAIRA 2,33.5635313,-7.5694865
BOULEVARD ABOU HOURAIRA 2,33.5636387,-7.5699047
BOULEVARD AFGHANISTAN,33.5714553,-7.6760542
BOULEVARD AFGHANISTAN,33.5715249,-7.6761522
BOULEVARD AHL LOGHLAM,33.5998593,-7.5039061
BOULEVARD AHL LOGHLAM,33.5999361,-7.5036112
BOULEVARD AHL LOGHLAM AZHAR,33.5976286,-7.4895152
BOULEVARD AHL LOGHLAM AZHAR,33.5978498,-7.4896762
BOULEVARD AHL LOGHLAM SAKANI,33.5977868,-7.4841833
BOULEVARD AHL LOGHLAM SAKANI,33.5979758,-7.4842773
BOULEVARD AHMED MEKOUR,33.6148624,-7.536792
BOULEVARD AL MAGHRIB AL ARABI,33.599285,-7.4848433
BOULEVARD AL MAGHRIB AL ARABI,33.6000534,-7.4841168
BOULEVARD AL QODS,33.5416111,-7.5912846
BOULEVARD AL QODS,33.5418088,-7.5916049
BOULEVARD AMGALA,33.5403694,-7.5791858
BOULEVARD AMGALA,33.5405456,-7.5788651
BOULEVARD ANOUAL,33.5694941,-7.6273362
BOULEVARD ANOUAL,33.5696488,-7.6274462
BOULEVARD BEN BARKA,33.6036367,-7.6518743
BOULEVARD BEN BARKA,33.6039197,-7.6518181
BOULEVARD BORDEAUX,33.5978985,-7.629616
BOULEVARD BORDEAUX,33.5979329,-7.6295243
BOULEVARD BOUALAM,33.5612922,-7.5366381
BOULEVARD BOUALAM,33.5614767,-7.5366909
BOULEVARD CHEFCHAOUNI,33.6278613,-7.5004473
BOULEVARD CHEFCHAOUNI,33.6280504,-7.5006558
BOULEVARD DAKHLA,33.5333599,-7.6008409
BOULEVARD DAKHLA,33.5334035,-7.6007831
BOULEVARD DAKHLA 2,33.5435848,-7.5766643
BOULEVARD DAKHLA 2,33.5438997,-7.5771133
BOULEVARD DE BOURGOGNE,33.594989,-7.6506401
BOULEVARD DE BOURGOGNE,33.595104,-7.6507187
BOULEVARD DE BOUSKOURA,33.5573617,-7.6490748
BOULEVARD DE GAZA,33.5686404,-7.5841472
BOULEVARD DE GAZA,33.5687263,-7.5844412
BOULEVARD DE LA MECQUE,33.5459553,-7.6316059
BOULEVARD DE LA MECQUE,33.5460168,-7.6317456
BOULEVARD DE LA RESISTANCE,33.589095,-7.603987
BOULEVARD DE LA RESISTANCE,33.589307,-7.6037109
BOULEVARD DE MAKRO,33.5948647,-7.5283457
BOULEVARD DE MAKRO,33.5950939,-7.5285079
BOULEVARD DE RIYAD,33.6731158,-7.3937608
BOULEVARD DE RIYAD,33.6732224,-7.3939688
BOULEVARD DE TEMARA,33.5497357,-7.5992452
BOULEVARD DES FACULTES,33.5420832,-7.6773194
BOULEVARD DES FACULTES,33.5421575,-7.677345
BOULEVARD DRISS EL HARTI,33.5481079,-7.5729583
BOULEVARD DRISS EL HARTI,33.5484006,-7.5728134
BOULEVARD DU NIL,33.5582412,-7.5690515
BOULEVARD DU NIL,33.5583008,-7.5691203
BOULEVARD EL HARTI,33.5437476,-7.5803351
BOULEVARD EL HARTI,33.5439922,-7.5803179
BOULEVARD EL YAZIDI,33.6013242,-7.5156324
BOULEVARD EL YAZIDI,33.6014639,-7.5155373
BOULEVARD FATIMA ZAROUAL,33.523815,-7.5966492
BOULEVARD FATIMA ZAROUAL,33.523858,-7.596683
BOULEVARD FOUARATE,33.5761307,-7.5688842
BOULEVARD FOUARATE,33.5762321,-7.5689312
BOULEVARD HAJ FATEH,33.5386461,-7.6797808
BOULEVARD HAJ FATEH,33.5388552,-7.6793258
BOULEVARD HAJ FATEH 2,33.5511417,-7.6892307
BOULEVARD HAJ FATEH OULFA,33.5492147,-7.6880671
BOULEVARD HAJ FATEH OULFA,33.5492506,-7.6882523
BOULEVARD HASSAN 1,33.593459,-7.6229835
BOULEVARD HASSAN 2 MOHAMMEDIA 2,33.6899476,-7.3961484
BOULEVARD HASSAN 2 MOHAMMEDIA 2,33.6900975,-7.3963554
BOULEVARD HASSAN EL ALLAOUI,33.5797747,-7.5865714
BOULEVARD HASSAN EL ALLAOUI,33.5798188,-7.5866046
BOULEVARD HOUCINE SOUSSI,33.5839384,-7.5293301
BOULEVARD HOUCINE SOUSSI,33.5840335,-7.529318
BOULEVARD IBN TACHFINE,33.5847176,-7.5734982
BOULEVARD IBN TACHFINE,33.5848631,-7.5733309
BOULEVARD IBNOU SINA,33.5717944,-7.6684743
BOULEVARD IBNOU SINA,33.5720835,-7.6682189
BOULEVARD IBNOU SINA N43,33.5753223,-7.6620226
BOULEVARD IMAM ALI,33.597663,-7.5202229
BOULEVARD IMAM ALI,33.5978578,-7.5200974
BOULEVARD L'OCEAN ATLANTIQUE,33.5872175,-7.6851111
BOULEVARD L'OCEAN ATLANTIQUE,33.5873755,-7.6846004
BOULEVARD LA RESISTENCE MO,33.6811962,-7.4056308
BOULEVARD LA RESISTENCE MO,33.6814501,-7.4053168
BOULEVARD LALA ASMA,33.5769082,-7.5407801
BOULEVARD LALA ASMA,33.5770497,-7.5405938
BOULEVARD MOHAMED SIJILMASSI,33.5879405,-7.6396307
BOULEVARD MOHAMED SIJILMASSI,33.5888764,-7.6398817
BOULEVARD MOHAMED V MO,33.7026873,-7.3942593
BOULEVARD MOHAMED V MO,33.7029532,-7.3945509
BOULEVARD MOULAY SLIMAN,33.6114329,-7.5611613
BOULEVARD MOULAY SLIMAN,33.611532,-7.5611562
BOULEVARD MOULAY SMAIL,33.5984194,-7.575913
BOULEVARD MOULAY SMAIL,33.5985702,-7.5758912
BOULEVARD NAKHIL,33.55242,-7.4828403
BOULEVARD NAKHIL,33.553202,-7.4818376
BOULEVARD NASSIBA BENT KAAB,33.5775241,-7.5463532
BOULEVARD NASSIBA BENT KAAB,33.5776673,-7.5465062
BOULEVARD OQBA,33.5795429,-7.5593013
BOULEVARD OQBA,33.5797214,-7.559211
BOULEVARD OUED BEHT,33.5585122,-7.6776259
BOULEVARD OUED DAHAB,33.5435563,-7.5689226
BOULEVARD OUED DAHAB,33.5435643,-7.5685393
BOULEVARD OUED DRAA,33.556112,-7.6847433
BOULEVARD OUED DRAA,33.5563899,-7.6845837
BOULEVARD OUED EDAOURA 1,33.5425765,-7.6778218
BOULEVARD OUED EDAOURA 1,33.542588,-7.6779198
BOULEVARD OUED LAOU,33.5603274,-7.6752383
BOULEVARD OUED LAOU,33.5605571,-7.6751773
BOULEVARD OUED TENSIFT,33.5525804,-7.6845192
BOULEVARD OUED TENSIFT,33.5529075,-7.6846639
BOULEVARD PALESTINE,33.6861517,-7.3747936
BOULEVARD PALESTINE,33.686303,-7.3747002
BOULEVARD RACHIDI,33.5909199,-7.6219522
BOULEVARD ROUDANI,33.5847257,-7.6305928
BOULEVARD ROUDANI,33.584783,-7.6303535
BOULEVARD SMARA,33.537228,-7.5886952
BOULEVARD SMARA,33.5374605,-7.5886257
BOULEVARD SOUR JDID,33.6050261,-7.6210778
BOULEVARD SOUR JDID,33.6052352,-7.6207587
BOULEVARD TAH,33.5341683,-7.5799083
BOULEVARD TAH,33.5348302,-7.5788909
BOULEVARD TARIK IBNOU ZIAD,33.5768411,-7.616815
BOULEVARD TAZA,33.5443832,-7.5947479
BOULEVARD TAZA,33.5450965,-7.5946819
BOULEVARD ZERKTOUNI,33.5915415,-7.6362428
BOULEVARD ZERKTOUNI,33.5916527,-7.6365855
BOULEVARS ABDELKRIM KHATTABI,33.5808788,-7.6647263
BOULEVARS ABDELKRIM KHATTABI,33.5809733,-7.6647647
BOUSKOURA CENTRE,33.4376279,-7.6422217
BOUSKOURA CENTRE,33.4376279,-7.6419839
BOUZIANE,33.5699852,-7.5434502
BOUZIANE,33.5704918,-7.5437363
BRADAA,33.6999222,-7.3704099
BRAHMA 3,33.628949,-7.4515004
BRAHMA 3,33.6289786,-7.4512517
BRAHMA II,33.6218854,-7.4463411
BRAHMA II,33.6220171,-7.4463142
CARIERRE CENTRALE,33.5920627,-7.5665813
CARIERRE CENTRALE,33.5922434,-7.5664171
CARRIERE ARAIB,33.5818127,-7.5338049
CARRIERE ARAIB,33.5818442,-7.5338862
CARRIERE BEN ABID,33.4998992,-7.8746248
CARRIERE BEN ABID,33.5005558,-7.8743263
CARRIERE BEN M'SIK,33.5579318,-7.5794702
CARRIERE BENMSICK,33.5574946,-7.5791201
CARRIERE RHAMNA,33.5900003,-7.5189355
CARRIERE RHAMNA,33.5902896,-7.5189234
CARRIERE SCHNEIDER,33.5644967,-7.6678834
CARRIERE SCHNEIDER,33.565191,-7.6679128
CASERNE AIN BORJA,33.5867516,-7.5910136
CASERNE AIN BORJA,33.5869235,-7.5908864
CASERNE DEROUA,33.40847,-7.5335012
CASERNE DEROUA,33.4084872,-7.5333368
CASERNE MLY YOUSSEF,33.6176483,-7.4584231
CASERNE MLY YOUSSEF,33.6177314,-7.4585818
CASERNE NOUACEUR,33.3984834,-7.579771
CASERNE NOUACEUR,33.39872,-7.5797309
CENTRE COMMERCIAL EMILE ZOLA,33.5935832,-7.5971317
CENTRE COMMERCIAL EMILE ZOLA,33.5936629,-7.5968561
CENTRE CULTUREL,33.5257386,-7.6506231
CENTRE CULTUREL,33.5263108,-7.6503367
CENTRE D'HEMODIALYSE 2 MARS,33.5522188,-7.6035315
CENTRE D'HEMODIALYSE 2 MARS,33.5522818,-7.6033753
CENTRE DE L'ADDICTOLOGIE,33.5763103,-7.61886
CENTRE DE L'ADDICTOLOGIE,33.5763793,-7.6190346
CENTRE DE MAINTENANCE TRAMWAY,33.5770256,-7.5169576
CENTRE DE MAINTENANCE TRAMWAY,33.5770801,-7.5172149
CENTRE DE SANTE OUHOUDE,33.5973188,-7.6457243
CENTRE DE SANTE OUHOUDE,33.5974604,-7.6457984
CENTRE DE SANTE RIAD,33.6844925,-7.3839128
CENTRE DE SANTE RIAD,33.6845807,-7.384319
CENTRE DE SANTE VECTORIA,33.4242092,-7.6740896
CENTRE DE SANTE VECTORIA,33.4244957,-7.673983
CENTRE DPK (ALSA),33.5739317,-7.574859
CENTRE DPK (ALSA),33.5739861,-7.574835
CENTRE EMERGENT,33.4527145,-7.5000875
CENTRE EMERGENT,33.4527638,-7.4998937
CENTRE FEMININ,33.5618109,-7.6019884
CENTRE FEMININ,33.5620128,-7.6018954
CENTRE NOUR,33.4781818,-7.6378752
CENTRE NOUR,33.4781875,-7.6375979
CENTRE OFPPT ESSAFA,33.5521158,-7.6926823
CENTRE OFPPT ESSAFA,33.5522695,-7.6927674
CENTRE SIDI MOUMEN,33.5802886,-7.5436809
CENTRE SIDI MOUMEN,33.5803144,-7.5438087
CHARCOMEM,33.505615,-7.5006283
CHARCOMEM,33.5057124,-7.5002032
CHATEAU EL QODS,33.6087084,-7.5011458
CHATEAU EL QODS,33.6088862,-7.5010878
CHATEAU MEDIOUNA,33.4577168,-7.522435
CHATEAU MEDIOUNA,33.4577673,-7.5219641
CHEFCHAOUNI,33.6211044,-7.511161
CHEFCHAOUNI,33.6213926,-7.5110487
CHELLAL,33.6218338,-7.4517229
CHELLAL,33.6219581,-7.4513093
CHICHANE,33.5402044,-7.5412847
CHICHANE 1,33.5401323,-7.5409674
CHTAIBA,33.5656633,-7.5709881
CIMETIERE SBATA,33.5467914,-7.5641594
CIMETIERE SBATA,33.5477519,-7.5658375
CIMETIERE SIDI MOUMEN,33.5779624,-7.5192621
CIMETIERE SIDI MOUMEN,33.5779888,-7.519152
CINEMA EL FALAH,33.5591029,-7.5506172
CINEMA EL FALAH,33.5593126,-7.5503599
CINEMA EL OTHMANIA,33.5602741,-7.5746348
CINEMA EL OTHMANIA,33.560583,-7.5748833
CINEMA MEGARAMA,33.5948645,-7.6698791
CINEMA MEGARAMA,33.5950143,-7.6698841
CINEMA SAHRA,33.5510217,-7.5991279
CINEMA SAHRA,33.5511678,-7.5991587
CINEMA VERDIN,33.5959555,-7.6259701
CINEMA VERDIN,33.5960194,-7.6258733
CITE CHEMINOT,33.5994446,-7.5684221
CITE CHEMINOT,33.5995912,-7.5683724
CITE DE POLICE (BERNOUSSI),33.6030637,-7.519548
CITE DE POLICE (BERNOUSSI),33.6031067,-7.5197978
CITE DE POLICE IBN SINA,33.5661529,-7.6811608
CITE DE POLICE IBN SINA,33.5664506,-7.6807016
CITE DES MÉTIERS,33.3999091,-7.5553609
CITE DES MÉTIERS,33.400012,-7.5549853
CITE PLATEAU,33.5680984,-7.6367602
CITE PLATEAU,33.5681992,-7.6365098
CITY AIN SEBAA,33.5988593,-7.5393339
CITY AIN SEBAA,33.5991378,-7.5394253
CLINIQUE ABBADI,33.5689211,-7.6611614
CLINIQUE ABBADI,33.5690758,-7.6610399
CLINIQUE ABDELMOUMEN,33.5652809,-7.6265452
CLINIQUE ABDELMOUMEN,33.5655544,-7.6268366
CLINIQUE AIN CHOC,33.5493122,-7.6022183
CLINIQUE AIN CHOC,33.549346,-7.6023581
CLINIQUE ANDALOUS,33.5965378,-7.6546595
CLINIQUE ANDALOUS,33.5966526,-7.6549001
CLINIQUE BEN SOUDA,33.5859288,-7.6526718
CLINIQUE BEN SOUDA 2,33.5854813,-7.6539031
CLINIQUE CIL,33.5673054,-7.6582112
CLINIQUE DAR SALAM,33.5619383,-7.6193105
CLINIQUE DAR SALAM,33.5620938,-7.6196253
CLINIQUE DENTAIRE,33.5872472,-7.6473789
CLINIQUE DENTAIRE,33.5874653,-7.6471967
CLINIQUE FDALA,33.6963492,-7.3918202
CLINIQUE FDALA,33.6964558,-7.3916999
CLINIQUE NORMANDIE,33.5839378,-7.6495485
CLINIQUE NORMANDIE,33.5839906,-7.6505335
CLINIQUE RIVIERA,33.5673532,-7.6407915
CLINIQUE RIVIERA,33.5675158,-7.6407146
CLINIQUE SARA,33.570035,-7.6668932
CLINIQUE SARA,33.5703936,-7.6668376
CLINIQUE SIDI OTHMANE,33.5608109,-7.561371
CLINIQUE SIDI OTHMANE,33.5609628,-7.5615314
CLUB ESSAKHI,33.6258411,-7.330614
CLUB ESSAKHI,33.625923,-7.3304501
CNSS DAR LAMANE,33.5936466,-7.5574531
CNSS DAR LAMANE,33.5937073,-7.5574222
COLIS POSTAUX,33.5961954,-7.6055365
COLIS POSTAUX,33.596358,-7.604904
COLLEGE BNO TOUMART,33.5679208,-7.5486216
COLLEGE BNO TOUMART,33.5682279,-7.5486399
COLLEGE BOUSKOURA,33.446694,-7.6477624
COLLEGE BOUSKOURA,33.4467078,-7.6481355
COLLEGE EL HASSAN ELYOUSSI,33.5554658,-7.5354573
COLLEGE IBNO ABBAD,33.545779,-7.6864119
COLLEGE IBNO ABBAD 2,33.5454707,-7.6860611
COLLEGE IDRISS I,33.4552635,-7.6417742
COLLEGE IDRISS I,33.4552979,-7.6414568
COLLEGE MOULOUYA,33.5586861,-7.6896532
COLLEGE TABARI,33.5267329,-7.661259
COLLEGE TABARI,33.5268087,-7.6614828
COLLEGE YAAKOUB EL MANSOUR,33.681324,-7.3878983
COLLEGE YAAKOUB EL MANSOUR,33.6815532,-7.3882633
COLLEGE ZINEB NEFZAOUIA,33.5633581,-7.5876302
COLLEGE ZINEB NEFZAOUIA,33.5635879,-7.5875013
COMMISARIAT LAHRAOUIYINE,33.5520303,-7.5321628
COMMISARIAT LAHRAOUIYINE,33.5521507,-7.5320763
COMMISSARIAT AL AZHAR,33.6023074,-7.491532
COMMISSARIAT AL AZHAR,33.6023962,-7.4913573
COMMISSARIAT NASSIM,33.5215389,-7.6571496
COMMISSARIAT NASSIM,33.5215749,-7.6570358
COMMISSARIAT RIAD AL OULFA,33.5588748,-7.6929197
COMMISSARIAT RIAD AL OULFA,33.5590058,-7.6930908
COMMISSARIAT SIDI MAAROUF,33.5198146,-7.6523884
COMMISSARIAT SIDI MAAROUF,33.5210583,-7.652281
COMMUNE DAR BOUAAZZA,33.5129604,-7.8196598
COMMUNE DAR BOUAAZZA,33.5132182,-7.8198942
COMPLEXE  MOHAMED V 2,33.5814363,-7.6478585
COMPLEXE CULTUREL,33.6335393,-7.4607361
COMPLEXE CULTUREL,33.6338373,-7.460951
COMPLEXE EDUCATIF HASSAN II,33.5586313,-7.5876816
COMPLEXE EDUCATIF HASSAN II,33.5589185,-7.5874869
COMPLEXE KAMAL ZEBDI,33.5566581,-7.5717186
COMPLEXE KAMAL ZEBDI,33.5567022,-7.5717794
COMPLEXE MOHAMED V,33.5812874,-7.647993
CONSULAT D'ESPAGNE,33.5914556,-7.624951
CONSULAT DE LA RUSSIE,33.5781466,-7.6299943
CONSULAT DE LA RUSSIE,33.5781927,-7.6306317
COUR D'APPEL,33.5951526,-7.6033862
COUR D'APPEL,33.5953133,-7.6035963
CRECHE JEUNE AGE,33.5449577,-7.6730517
DAR 16,33.5018049,-7.7180841
DAR 16,33.5018937,-7.7181999
DAR BOUAAZZA,33.5078037,-7.83333
DAR BOUAAZZA,33.5078741,-7.8341831
DAR DAW,33.6577984,-7.3481138
DAR DAW,33.657984,-7.348084
DAR LAMANE,33.5939819,-7.5542199
DAR LAMANE,33.5941456,-7.5545086
DAR LKBIRA,33.5035467,-7.8455581
DAR LKBIRA,33.5037529,-7.8458509
DAR LMIMA,33.5319405,-7.5304373
DAR LMIMA,33.5321987,-7.5305651
DAR LMOAMIN,33.5896346,-7.6026095
DAR LMOAMIN,33.5897081,-7.603056
DAR LMOHAMI,33.5910209,-7.6038211
DAR LMOHAMI,33.5925128,-7.6035737
DAR NESSRANIA,33.5074634,-7.6316512
DAR NESSRANIA,33.5074909,-7.6319073
DAR TALIBA,33.5627046,-7.561642
DAR TALIBA,33.5629295,-7.5617339
DAR TOUZANI,33.5518052,-7.5895193
DAR TOUZANI,33.5518871,-7.5900332
DAR ZWAQ,33.5174833,-7.8002698
DAR ZWAQ,33.5177732,-7.8008691
DERB BOUCHENTOUF,33.5675247,-7.6054216
DERB BOUCHENTOUF,33.5684962,-7.6042223
DERB CHABAB C,33.6900822,-7.3831846
DERB CHABAB C,33.6901166,-7.382929
DERB FOUKARA,33.5664851,-7.6071332
DERB FOUKARA,33.5666457,-7.6072343
DERB JAMILA,33.5710067,-7.6842854
DERB KABIR,33.572026,-7.5960466
DERB KABIR,33.5723447,-7.5953443
DERB LAHJAR,33.5504277,-7.5692019
DERB LAHJAR,33.5506234,-7.5691844
DERB LOUBILA,33.6044778,-7.6368941
DERB LOUBILA,33.6047119,-7.6368977
DERB MARRAKECH,33.6855868,-7.3949308
DERB MARRAKECH,33.6856498,-7.3946861
DERB MILA,33.5707689,-7.5810149
DERB MILA,33.5709208,-7.5811575
DERB MILAN,33.5707008,-7.5792204
DERB MILAN,33.5709265,-7.5790238
DERB MOULAY CHRIF,33.5931401,-7.5695036
DERB MOULAY CHRIF,33.5938757,-7.5694973
DIRECTION  T. REGIONALE CASA,33.5417001,-7.6886425
DIRECTION  T. REGIONALE CASA,33.5419119,-7.6889481
DOUAR AL MOUMNATE,33.5039544,-7.5436969
DOUAR AL MOUMNATE,33.5040165,-7.543418
DOUAR CHRIF,33.6716445,-7.40663
DOUAR CHRIF,33.6716714,-7.4071239
DOUAR EL WAHDA,33.6770979,-7.4110458
DOUAR EL WAHDA,33.6772388,-7.4104986
DOUAR FOUKRA,33.4903709,-7.7323347
DOUAR FOUKRA,33.4904832,-7.7324321
DOUAR KHOUADRA,33.5405983,-7.6314389
DOUAR KHOUADRA,33.5407603,-7.6314942
DOUAR KROUTA,33.4351046,-7.6646129
DOUAR KROUTA,33.4351813,-7.6642708
DOUAR LAATOUR,33.5330391,-7.6378884
DOUAR LAATOUR,33.5330907,-7.6384906
DOUAR LACHHAB,33.6750937,-7.4242084
DOUAR LACHHAB,33.6753463,-7.4244209
DOUAR LAHFAYA,33.5172862,-7.5557681
DOUAR LAHFAYA,33.5175669,-7.5556174
DOUAR LGOUISSEM,33.5004321,-7.6728273
DOUAR LGOUISSEM,33.5005329,-7.6726881
DOUAR LHAJ LAMLIH,33.665869,-7.4469622
DOUAR LHAJ LAMLIH,33.6660833,-7.4471381
DOUAR MAATAH,33.4776736,-7.7555751
DOUAR MAATAH,33.4778512,-7.7555332
DOUAR MZAB,33.511379,-7.5477163
DOUAR OULD LHAJ JILALI,33.498806,-7.8792961
DOUAR OULD LHAJ JILALI,33.4989429,-7.8798771
DOUAR OULED BOUAZIZ,33.5429318,-7.4388079
DOUAR RIFAI,33.4685905,-7.7814114
DOUAR RIFAI,33.4687223,-7.7815037
DOUAR SEBT,33.4932449,-7.8848893
DOUAR SEBT,33.4934168,-7.8852423
DOUAR SIDI MASSIF,33.5469654,-7.4501003
DRABNA ROUTE DE BOUSKOURA,33.5031026,-7.6307493
DRABNA ROUTE DE BOUSKOURA,33.5031513,-7.6305792
DREAM VILAGE,33.6138926,-7.3700283
DREAM VILAGE,33.6140015,-7.3698988
DRISS LAHRIZI VICTORIA,33.4210522,-7.6777892
DRISS LAHRIZI VICTORIA,33.4210889,-7.6779863
DRISS SLAOUI,33.5936051,-7.6539981
DRISSIA 2,33.5648812,-7.5868118
DRISSIA 2,33.5650745,-7.5869029
DYAR AL AMAL,33.4974813,-7.7242228
DYAR AL AMAL,33.4977512,-7.7240154
DYAR AL YOUSRA,33.6735044,-7.3518708
DYAR AL YOUSRA,33.673686,-7.3524293
DYAR EL ALIA,33.6745631,-7.3647073
DYAR EL ALIA,33.6745711,-7.3644941
DYAR KENZA,33.6708503,-7.353243
DYAR KENZA,33.6709609,-7.3534532
ECOLE ABDELKRIM EL KHATTABI,33.5656553,-7.5298692
ECOLE ABDELKRIM EL KHATTABI,33.5658329,-7.529691
ECOLE ABDELLAH HADDAOUI,33.5383596,-7.4248031
ECOLE AJIAL SALAM,33.4608751,-7.5160501
ECOLE AJIAL SALAM,33.4609759,-7.5163509
ECOLE AL AJIAL,33.5574613,-7.6813346
ECOLE AL AJIAL,33.5575313,-7.6818349
ECOLE BAB ANDALOUS,33.5365955,-7.6062427
ECOLE BAB ANDALOUS,33.5367173,-7.6063521
ECOLE BELFKIH,33.5292887,-7.5242639
ECOLE BELFKIH,33.5294444,-7.5239391
ECOLE CAMELIA,33.5407193,-7.6682278
ECOLE CAMELIA 1,33.5426184,-7.6674272
ECOLE EL AKHAWAIN,33.5615357,-7.5658819
ECOLE EL AKHAWAIN,33.5620055,-7.5659787
ECOLE EL ANOUAR,33.521551,-7.663065
ECOLE EL ANOUAR,33.521564,-7.663355
ECOLE EL GHAZOUANI,33.6542374,-7.4698158
ECOLE EL GHAZOUANI,33.6546575,-7.4702078
ECOLE EL IBRAHIMI,33.5563029,-7.681593
ECOLE EL JABRE,33.4894662,-7.6081221
ECOLE EL JABRE,33.4895682,-7.6079439
ECOLE EL KHALIL,33.5601786,-7.6391448
ECOLE EL KHALIL,33.5603039,-7.6400416
ECOLE EL KHALIL A,33.561194,-7.6406083
ECOLE EL OUADGHIRI,33.5635749,-7.6331289
ECOLE EL OUADGHIRI,33.5640104,-7.6342327
ECOLE ESSAFA,33.6380326,-7.4175025
ECOLE ESSAFA,33.6381742,-7.416745
ECOLE GEORGES BIZET,33.5780999,-7.6544549
ECOLE GEORGES BIZET,33.5782638,-7.6549064
ECOLE GPH,33.68302,-7.3774011
ECOLE GPH,33.6833007,-7.3778532
ECOLE HASSANIA(EHTP),33.545533,-7.6503256
ECOLE IBNO KATIR,33.510342,-7.6568472
ECOLE IBNO KATIR,33.5103509,-7.6569844
ECOLE KAOUKABI,33.5751406,-7.6800122
ECOLE KAOUKABI,33.5753079,-7.6801549
ECOLE LA PRAIRIE,33.577874,-7.6569679
ECOLE LA PRAIRIE,33.5778906,-7.656719
ECOLE LAARBI ELBENNAY,33.5537263,-7.6813283
ECOLE LAARBI ELBENNAY,33.5541789,-7.6809851
ECOLE LE NID,33.5864342,-7.5867049
ECOLE LE NID,33.5865511,-7.586152
ECOLE LE PONT,33.5475979,-7.629066
ECOLE LE PONT,33.5480861,-7.6277843
ECOLE MOULAY ABDELLAH,33.674943,-7.3918511
ECOLE MOULAY ABDELLAH,33.6750215,-7.3920391
ECOLE NORMALE SUPERIEURE,33.5399106,-7.6594935
ECOLE NORMALE SUPERIEURE,33.5399719,-7.6599037
ECOLE OULAD HMIMOUN 1,33.6670574,-7.4336083
ECOLE OULAD HMIMOUN 1,33.6670975,-7.4333138
ECOLE RIAD BOUSKOURA,33.4602769,-7.6410299
ECOLE RIAD BOUSKOURA,33.4602883,-7.6408884
ECOLE ROYALE DES GENDARMES,33.6267458,-7.4806109
ECOLE ROYALE DES GENDARMES,33.6269961,-7.4807902
EL AALIA,33.6777808,-7.3921262
EL AALIA,33.6779708,-7.3924159
EL FATH VICTORIA,33.4235503,-7.6768942
EL FATH VICTORIA,33.423599,-7.6770672
ESPACE LES PALMIERS,33.5824,-7.6261265
ESPACE LES PALMIERS 2,33.5825444,-7.6261416
ESSAFA,33.6354771,-7.4208931
ESSAFA,33.6356332,-7.4212263
ESSAFA 3,33.640182,-7.4135587
ESSAFA 3,33.6404891,-7.413859
FACULTE AIN CHOC,33.5421927,-7.6012982
FACULTE AIN CHOC,33.5422018,-7.6012013
FACULTE MEDECINE,33.5759203,-7.6212285
FACULTE MEDECINE,33.5759864,-7.6213517
FACULTE ROUTE D'EL JADIDA,33.5428745,-7.6536562
FACULTE ROUTE D'EL JADIDA,33.5443183,-7.6527354
FARRAN LHALWA,33.5472772,-7.546689
FARRAN LHALWA,33.5474639,-7.546426
FERAILLE DE TIT MELLIL,33.5491426,-7.4618838
FERAILLE MEDIOUNA,33.4524617,-7.5190403
FERAILLE MEDIOUNA,33.4525964,-7.5189641
FIRDAOUS II,33.5608506,-7.6691832
FIRDAOUS II,33.5608971,-7.6694292
FORCE AUXILIAIRE,33.5967411,-7.5963833
FORCE AUXILIAIRE,33.5970534,-7.5963449
FORET BOUSKOURA,33.4874809,-7.6343601
FORET BOUSKOURA,33.4875382,-7.6337568
FORET OULAD SALH,33.4401718,-7.6603833
FORET OULAD SALH,33.4402543,-7.6606302
FORET RAYAN,33.4035483,-7.5565209
FORET RAYAN,33.4037603,-7.5561571
FORET VERTE,33.5688271,-7.5336095
FORET VERTE,33.5690758,-7.5339538
FOUM LAHCEN,33.5914155,-7.569358
FOUM LAHCEN 2,33.5915014,-7.569562
FOURRIERE BEN M'SIK,33.5655951,-7.5782343
FOURRIERE BEN M'SIK,33.5656805,-7.5780217
GARE AIN SEBAA,33.6074116,-7.5242159
GARE AIN SEBAA,33.6076435,-7.5242599
GARE BOUSKOURA,33.4617265,-7.6526753
GARE BOUSKOURA,33.4618107,-7.6525412
GARE DE CASA VOYAGEURS,33.5896581,-7.5932007
GARE DE CASA VOYAGEURS,33.5897482,-7.5930126
GARE ONCF DE L'OASIS,33.5548581,-7.6308682
GARE ONCF DE L'OASIS,33.5556905,-7.6308004
GAREAGE ALLAL,33.5771282,-7.599585
GAREAGE ALLAL,33.5771431,-7.599848
GENDARMERIE AIN HARROUDA,33.6364385,-7.4493383
GENDARMERIE AIN HARROUDA,33.6367651,-7.449356
GENDARMERIE MY IDRISS I,33.5720701,-7.6167783
GENDARMERIE MY IDRISS I,33.5721641,-7.6170293
GENERAL 1,33.6285202,-7.5162431
GENERAL 1,33.6286377,-7.5163096
GRANDE POSTE,33.593115,-7.6191029
GRANDE ZENATA,33.6484626,-7.4819688
GRANDE ZENATA,33.6488316,-7.482057
GREEN TOWN,33.4825363,-7.5908663
GREEN TOWN,33.4827007,-7.5907701
GROUPE 3 MOULAY RACHID,33.5652485,-7.5430083
GROUPE 3 MOULAY RACHID,33.565323,-7.5429905
GROUPE 3 SIDI MOUMEN JDID,33.5790167,-7.5436368
GROUPE 3 SIDI MOUMEN JDID,33.5792,-7.5437973
GROUPE 4 MOULAY RACHID,33.5675039,-7.5397432
GROUPE 4 MOULAY RACHID,33.5679987,-7.539311
GROUPE 5 MOULAY RACHID,33.5710525,-7.531599
GROUPE 5 MOULAY RACHID,33.5712095,-7.5311303
GROUPE 6 MOULAY RACHID,33.5716637,-7.5267949
GROUPE SCOLAIRE ALAMJAD,33.543264,-7.6735081
GROUPE SCOLAIRE ALAMJAD 2,33.5433414,-7.6734947
HAJ FATEH,33.5425293,-7.6842587
HAJ FATEH,33.5425403,-7.6844537
HAMAM SKOURA,33.5687618,-7.6896535
HAMAM SKOURA,33.5688526,-7.6894898
HAMMAM EL FAN,33.5516522,-7.5812802
HAMMAM LHAJJA,33.5694082,-7.5601667
HAMMAM LHAJJA,33.5696946,-7.5599982
HAY ADIL,33.5809819,-7.5702421
HAY ADIL,33.5810621,-7.5698554
HAY BARAKA,33.5730256,-7.5379513
HAY BARAKA_2,33.5727404,-7.5377039
HAY BIN LMDOUN,33.5571738,-7.6007343
HAY BIN LMDOUN,33.557221,-7.6009783
HAY BOURNAZIL,33.5699282,-7.5576801
HAY BOURNAZIL,33.570045,-7.557827
HAY CHIFA,33.5722042,-7.583513
HAY CHIFA,33.5724105,-7.5835875
HAY CHRIFA,33.5292071,-7.5929628
HAY CHRIFA,33.5292782,-7.5927966
HAY CHRIFA II,33.5309226,-7.59951
HAY CHRIFA II,33.5309913,-7.5995346
HAY CHRIFA SANIA,33.535339,-7.6089639
HAY CHRIFA SANIA,33.535677,-7.6086742
HAY DAKHLA,33.5724767,-7.6079444
HAY EL BARAKA,33.5706973,-7.5348193
HAY EL BARAKA,33.5708205,-7.5346013
HAY EL BARAKA GH6,33.5679837,-7.6839145
HAY EL HANA,33.5724507,-7.6695248
HAY EL HANA,33.5726877,-7.6699996
HAY EL MASSIRA,33.5630025,-7.5480658
HAY EL MASSIRA,33.5633176,-7.5482262
HAY EL WAHDA,33.5438686,-7.5432782
HAY EL WAHDA,33.5439287,-7.543599
HAY EL WAHDA MO,33.6822121,-7.3828964
HAY EL WAHDA MO 2,33.6820349,-7.3825221
HAY ENNASR 2,33.5321716,-7.5704627
HAY ENNASR 2,33.5326243,-7.5705509
HAY ENNOUR,33.5520785,-7.5529365
HAY ENNOUR,33.5522114,-7.5526896
HAY HAKAM,33.5870839,-7.5954293
HAY HAKAM,33.587273,-7.5950833
HAY INARA 2,33.541664,-7.5936913
HAY INARA 2,33.5417702,-7.5938915
HAY JAMILA 2,33.5490989,-7.5869841
HAY JAMILA 2,33.5493374,-7.5869622
HAY JAMILA 4,33.5474925,-7.5707796
HAY JAMILA 4_2,33.5473455,-7.570638
HAY LMASJID 2,33.5619027,-7.6051266
HAY LMASJID 2,33.5621003,-7.6050913
HAY MASJID 1,33.3841938,-7.5383891
HAY MASJID 1,33.3843027,-7.5385329
HAY MOULAY RACHID,33.5679104,-7.532027
HAY MOULAY RACHID,33.5681053,-7.5319238
HAY MOURAD,33.5747882,-7.5647664
HAY MOURAD,33.5750037,-7.5646661
HAY NAIM,33.5662546,-7.5048969
HAY NAIM,33.5665262,-7.5048499
HAY NAIM SIDI MOUMEN,33.5675619,-7.5117794
HAY NAIM SIDI MOUMEN,33.567774,-7.5116627
HAY NAJAH,33.5136788,-7.6511088
HAY NAJAH,33.5137568,-7.6511678
HAY NASSIM,33.5198645,-7.6658762
HAY NASSIM,33.5199275,-7.6656018
HAY NASSIM II,33.5141464,-7.6657433
HAY NASSIM II,33.5141676,-7.6661226
HAY RACHIDIA 1,33.6880677,-7.378111
HAY RACHIDIA 1,33.6881708,-7.3779472
HAY RAJA,33.5758917,-7.5493441
HAY RAJA,33.5760281,-7.5494432
HAY SADRI,33.572187,-7.5540349
HAY SADRI,33.5723646,-7.5542537
HAY SALAM 1,33.5481654,-7.6723391
HAY SALAM 1,33.5485543,-7.6723422
HAY SALAMA,33.566415,-7.5575053
HAY SALAMA,33.5674028,-7.55777
HAY SALAMA ( MOHAMMEDIA ),33.7006384,-7.3787539
HAY SALAMA ( MOHAMMEDIA ),33.7008126,-7.3788777
HAY TISSIR,33.5725766,-7.5788508
HAY TISSIR,33.572941,-7.5792003
HOPITAL 20 AOUT,33.5741445,-7.6177886
HOPITAL AL HASSANI,33.5607059,-7.6850009
HOPITAL AL HASSANI,33.5608212,-7.6852406
HOPITAL BOUAFI,33.5580235,-7.6073451
HOPITAL BOUAFI,33.5580922,-7.6072271
HOPITAL CHABAB,33.6894571,-7.3871363
HOPITAL CHABAB,33.6895288,-7.3870423
HOPITAL CHEIKH KHALIFA,33.5512592,-7.6683077
HOPITAL CHEIKH KHALIFA,33.5515472,-7.6680911
HOPITAL EL MANSOUR,33.6074697,-7.5043377
HOPITAL EL MANSOUR,33.6074914,-7.5038806
HOPITAL MY ABDELLAH,33.6983448,-7.3832534
HOPITAL MY ABDELLAH,33.6986552,-7.383424
HOPITAL SALMIA,33.5399288,-7.5576926
HOPITAL SALMIA,33.5402308,-7.5577525
IBNO CHAHID,33.5788009,-7.633824
IMMEUBLE 400,33.5802251,-7.6348293
IMMEUBLE 400,33.5802872,-7.6350122
INSTITUT AGRICOLE,33.6192268,-7.3438533
INSTITUT AGRICOLE,33.6193558,-7.3438602
INSTITUT PASTEUR,33.5741946,-7.6259393
INSTITUT PASTEUR,33.5742503,-7.6256415
INSTITUT TARIK BNOU ZIAD,33.5350576,-7.5744448
INSTITUT TARIK BNOU ZIAD,33.5352484,-7.5743244
ISCAE,33.5270184,-7.6363958
ISTA BOULEVARD AFGHANISTAN,33.5690007,-7.6817551
ISTA HAY HASSANI,33.5697204,-7.6834798
JAMAL DORA,33.5390563,-7.5761459
JAMAL DORA,33.5394711,-7.5759385
JAMAL DORA 2,33.5412799,-7.578593
JARDIN 20 AOUT (GARE),33.6914195,-7.3911372
JARDIN 20 AOUT (GARE),33.6914654,-7.3909149
JARDIN AL MOSTAKBAL,33.5229249,-7.6518198
JARDIN AL MOSTAKBAL,33.5233452,-7.6516009
JARDIN ALESCO,33.5497812,-7.5670124
JARDIN ALESCO,33.550292,-7.5678672
JARDIN ANASSI,33.5895791,-7.4950106
JARDIN ANASSI,33.5897873,-7.4949822
JARDIN EL WAHDA,33.6796338,-7.3856122
JARDIN EL WAHDA 2,33.6795354,-7.3854104
JARDIN LALLA MERIEM,33.5569962,-7.5582094
JARDIN LALLA MERIEM,33.5572861,-7.5581172
JARDIN LIGUE ARABE,33.5886184,-7.6204349
JARDIN LIGUE ARABE,33.5886517,-7.6206408
JARDIN MESBAHYATE,33.6731061,-7.396621
JARDIN MESBAHYATE,33.6731192,-7.3968244
JAWADI,33.5521507,-7.5838023
JAWADI,33.5523054,-7.5838103
JAWHARAT AL MADINA,33.5576917,-7.5292798
JAWHARAT AL MADINA,33.5579117,-7.5295391
JNANE OULFA,33.5320856,-7.678729
JNANE OULFA,33.5321415,-7.6784683
JNANE SBIT,33.5518814,-7.4707881
KHAYRIAT SIDI OTHMAN,33.5653837,-7.5539363
KHAYRIAT SIDI OTHMAN,33.5657527,-7.5537839
KIADAT MEDIOUNA,33.463262,-7.5241333
KIADAT MEDIOUNA,33.4634431,-7.523899
KISARIAT HAY MOHAMMADI,33.5858219,-7.5633752
KISARIAT HAY MOHAMMADI,33.5859887,-7.5630088
KISSARIAT AKHMASSI,33.5731289,-7.597555
KISSARIAT AKHMASSI,33.5731725,-7.5979704
KISSARIAT AZIZA,33.5825575,-7.5580169
KISSARIAT AZIZA,33.5827294,-7.5580118
KOREA SEBATA,33.5530141,-7.5698823
KOREA SEBATA,33.5536719,-7.570907
KRIMATE,33.5491197,-7.6232367
L'AUBERGE,33.6514884,-7.476634
L'EGLISE (ZERKTOUNI),33.5829948,-7.6158503
L'EGLISE (ZERKTOUNI),33.5831193,-7.6158987
LA FERAILLE,33.5828177,-7.581978
LA FERAILLE,33.5828687,-7.5823579
LA GARE ROUTIERE,33.5760012,-7.5854261
LA GARE ROUTIERE,33.5763868,-7.586568
LA MORGUE AIN CHOK,33.554666,-7.5926648
LA MORGUE AIN CHOK,33.5548894,-7.5923583
LA MORGUE RAHMA,33.535065,-7.7248064
LA POSTE TIT MELLIL,33.5558995,-7.4832201
LA POSTE TIT MELLIL,33.5564805,-7.4836499
LAAOUINA LHARRA,33.6002352,-7.6395714
LAAOUINA LHARRA,33.6003364,-7.6397092
LAAOUINA MAARIF,33.576827,-7.638101
LAAOUINA MAARIF,33.5770352,-7.6380669
LABRAHMA,33.6687619,-7.3806109
LABRAHMA,33.6689166,-7.3804397
LAHRAOUIYINE,33.5467305,-7.5302497
LAHRAOUIYINE,33.5467591,-7.5304153
LALLA MERYEM,33.5584681,-7.5606812
LALLA MERYEM,33.5584876,-7.5611458
LES ARENES,33.5894903,-7.6397215
LES ARENES,33.5904669,-7.6376581
LES JARDAINS D'ERRAHMA,33.5348245,-7.7231808
LES JARDINS DE BALI,33.5589288,-7.6255555
LES JARDINS DE BALI,33.5590548,-7.6254065
LFARFARA,33.5431683,-7.7101858
LHALHAL,33.5155298,-7.5157154
LHALHAL,33.5156699,-7.515624
LHJAJMA,33.5946011,-7.6456737
LHJAJMA,33.5947444,-7.6455379
LISSASFA 1,33.5340194,-7.6694801
LISSASFA 1,33.5343832,-7.669393
LISSASFA 2,33.5287396,-7.6783988
LISSASFA 2,33.5288485,-7.6786154
LOMOU,33.533902,-7.7660969
LOMOU,33.5339936,-7.7663639
LOTISEMENT FARAH ESSALAM,33.5381619,-7.6954363
LOTISEMENT FARAH ESSALAM,33.5382794,-7.6953234
LOTISSEMENT EL BAIDA II,33.5622313,-7.5337877
LOTISSEMENT EL BAIDA II,33.5622748,-7.5340237
LOTISSEMENT EL MANZAH,33.5594444,-7.5381731
LOTISSEMENT EL MANZAH,33.5595533,-7.5385318
LOTISSEMENT FARAH ESSALAM 1,33.5364952,-7.6975849
LOTISSEMENT FARAH ESSALAM 1 2,33.5351414,-7.6985308
LOTISSEMENT MALAK 1,33.6866502,-7.3473615
LOTISSEMENT MALAK 1,33.686821,-7.3472928
LOTISSEMENT RACHAD,33.4927424,-7.5383514
LOTISSEMENT RACHAD,33.4928129,-7.538039
LOTISSEMENT SAKLIA,33.5654673,-7.6941174
LOTISSEMENT SAKLIA,33.5655139,-7.6939224
LOTISSEMENT SEQUIA,33.5625424,-7.7180108
LOTISSEMENT SEQUIA,33.5626106,-7.7187241
LWIZYA II,33.6825845,-7.342147
LWIZYA II,33.6826957,-7.3423378
LYCEE ABDELKHALEK TORRES,33.5930942,-7.5082538
LYCEE ABDELKHALEK TORRES,33.5932403,-7.5080579
LYCEE ABDELLAH IBRAHIM,33.5300416,-7.524936
LYCEE ABDELLAH IBRAHIM_2,33.5301636,-7.5247508
LYCEE ALAKHYAR,33.5468408,-7.5755114
LYCEE ALAKHYAR,33.5468579,-7.5751211
LYCEE ALIDRISSI,33.5567458,-7.5835932
LYCEE ALIDRISSI,33.5622313,-7.5337877
LYCEE BEN KHALDOUN,33.6770325,-7.3891158
LYCEE BEN KHALDOUN 2,33.6769057,-7.3889042
LYCEE CHAOUKI,33.5838437,-7.6268566
LYCEE CHAOUKI,33.5847949,-7.6280874
LYCEE EL BAROUDI,33.6042971,-7.5538313
LYCEE EL BAROUDI,33.6045697,-7.5535366
LYCEE EL WALLADA,33.5884088,-7.6426065
LYCEE EL WALLADA,33.5886371,-7.642426
LYCEE FECHTALI,33.5586213,-7.6785764
LYCEE FECHTALI,33.5586531,-7.6789214
LYCEE IBNO HAZM,33.5615042,-7.5764558
LYCEE IBNO HAZM,33.5616646,-7.576135
LYCEE JABER BNOU HAYAN,33.5874506,-7.6043606
LYCEE JABER BNOU HAYAN,33.5876362,-7.6047302
LYCEE LAHLOU,33.572061,-7.62276
LYCEE LAHLOU,33.5722157,-7.6233851
LYCEE LOUIS MASSIGNON,33.4785556,-7.6222766
LYCEE LOUIS MASSIGNON,33.4786097,-7.6217075
LYCEE LYAUTEY,33.5959877,-7.631371
LYCEE MOHAMED V,33.5782483,-7.6152057
LYCEE MOHAMED V,33.5782601,-7.6152959
LYCEE MOULAY ABDELLAH,33.5618878,-7.6131853
LYCEE MOULAY ABDELLAH,33.5620477,-7.6130425
LYCEE TECHNIQUE MOHAMMEDIA,33.7064024,-7.3641418
LYCEE TECHNIQUE MOHAMMEDIA,33.7065531,-7.3647233
M'SALLA AIN CHOK,33.5485468,-7.5995042
M'SALLA AIN CHOK,33.5486528,-7.599734
M'SALLA MOHAMMEDIA,33.6933131,-7.3743587
M'SALLA MOHAMMEDIA,33.69332,-7.3747942
M'SALLA QODS,33.6246814,-7.4841203
M'SALLA QODS,33.6248533,-7.484248
MAAGUIZ,33.6140641,-7.5088726
MAAGUIZ,33.6143299,-7.507781
MAARIF EXTENTION,33.5639078,-7.629231
MAARIF EXTENTION,33.5639941,-7.6302305
MAATI BEN SALEH,33.5723158,-7.608469
MADAME CHOUAL,33.5645437,-7.7145593
MADAME CHOUAL,33.564687,-7.7149661
MADAME LOULA,33.5678669,-7.7078998
MADAME LOULA,33.5683276,-7.7079611
MAISON DES JEUNES ZERKTOUNI,33.5997692,-7.6388126
MAISON DES JEUNES ZERKTOUNI 2,33.5999124,-7.639079
MAISON DES SOEURS,33.5577851,-7.6364331
MAISON DES SOEURS,33.5582733,-7.6363322
MARASSI TIT MELLIL,33.5537996,-7.4773927
MARASSI TIT MELLIL,33.5540094,-7.4773159
MARCHE AIN CHOC,33.5468243,-7.5960931
MARCHE AIN CHOC,33.5470525,-7.5963165
MARCHE DE BOIS,33.5604872,-7.5946908
MARCHE DE BOIS,33.5610544,-7.594433
MARCHE DE GROS,33.5540214,-7.56324
MARCHE DE GROS,33.5544081,-7.5630899
MARCHE DE GROS 1,33.5900518,-7.5966389
MARCHE DE GROS 1,33.5902386,-7.596546
MARCHE DE GROS ERRAHMA,33.5373737,-7.719195
MARCHE DES DATTES,33.5699811,-7.5793143
MARCHE DES DATTES 2,33.569898,-7.5788033
MARCHE DES FLEURS,33.5826777,-7.6195056
MARCHE DES FLEURS,33.582794,-7.61877
MARCHE DES POULETS,33.5952451,-7.572809
MARCHE DES POULETS,33.5953402,-7.5725718
MARCHE OASIS,33.5567945,-7.6347182
MARCHE OASIS,33.5573588,-7.6340417
MARINA,33.6060646,-7.6210634
MARINA CASA,33.6058173,-7.6209021
MASJID FIRDAOUSS,33.6017178,-7.5113391
METRO,33.5377207,-7.6437602
MIMOSAS,33.6124205,-7.5314416
MIMOSAS,33.6126408,-7.5305314
MORABITINE,33.6812492,-7.3918362
MORABITINE,33.6813584,-7.3921393
MOROCCO MALL,33.580071,-7.703433
MOROCCO MALL,33.5803015,-7.7031222
MOSQUEE  DOHA,33.570455,-7.6357043
MOSQUEE  DOHA,33.57051,-7.6360287
MOSQUEE AB HORAIRA,33.5734395,-7.5280638
MOSQUEE AB HORAIRA,33.5736309,-7.5282621
MOSQUEE ABIR,33.5821622,-7.5380459
MOSQUEE ABIR,33.5824544,-7.5379623
MOSQUEE ADARISSA,33.5156561,-7.640885
MOSQUEE ADARISSA,33.5157449,-7.6413393
MOSQUEE AFGHANISTAN,33.5726914,-7.6732831
MOSQUEE AFGHANISTAN,33.5732593,-7.6721756
MOSQUEE AHL LOGHLAM,33.5978326,-7.4958143
MOSQUEE AHL LOGHLAM,33.5980217,-7.4958665
MOSQUEE AIN CHOC,33.5536199,-7.6000545
MOSQUEE AIN CHOC,33.5536939,-7.600037
MOSQUEE AL ANSAR,33.5291451,-7.5285195
MOSQUEE AL ANSAR,33.529266,-7.5281977
MOSQUEE AL FADL,33.5555449,-7.5134981
MOSQUEE AL FADL,33.5558233,-7.5137026
MOSQUEE AL FALAH,33.6130826,-7.4939661
MOSQUEE AL FALAH,33.613156,-7.4935103
MOSQUEE AL IRAQUI,33.5125937,-7.7008473
MOSQUEE AL IRAQUI,33.5126853,-7.7009412
MOSQUEE AL MAGHFIRA,33.6103898,-7.516666
MOSQUEE AL MAGHFIRA,33.610452,-7.5168805
MOSQUEE ALGERIE,33.6055996,-7.5084618
MOSQUEE ANNOUR,33.5258949,-7.5216799
MOSQUEE ANNOUR,33.5260181,-7.5214651
MOSQUEE AZHAR,33.5422693,-7.6922402
MOSQUEE AZHAR,33.5424579,-7.6921922
MOSQUEE BAB TAOUBA,33.5679792,-7.5253348
MOSQUEE BAB TAOUBA,33.5681053,-7.5254993
MOSQUEE BACHKOU,33.5587963,-7.6293166
MOSQUEE BACHKOU,33.5588884,-7.6295768
MOSQUEE BADR,33.5952795,-7.6383215
MOSQUEE BADR,33.5957413,-7.6379308
MOSQUEE BASATINE,33.6644418,-7.3579911
MOSQUEE BASATINE,33.6646194,-7.3582162
MOSQUEE EL BATHA,33.5658611,-7.6445204
MOSQUEE EL BATHA,33.5658978,-7.6442621
MOSQUEE EL FATH,33.5445246,-7.6790124
MOSQUEE EL FATH,33.5445819,-7.6791631
MOSQUEE EL HODA,33.5701869,-7.6127574
MOSQUEE EL HODA,33.5707844,-7.6128776
MOSQUEE EL HOSNA B,33.5436193,-7.5843208
MOSQUEE EL HOSNA B,33.5441006,-7.5828999
MOSQUEE EL KAOUTAR,33.571465,-7.5938385
MOSQUEE EL KAOUTAR,33.5717622,-7.5937703
MOSQUEE EL WAHDA,33.6087086,-7.5453677
MOSQUEE EL WAHDA,33.6089385,-7.5450234
MOSQUEE ELFATH,33.6630982,-7.3648494
MOSQUEE ELFATH,33.6633102,-7.3647319
MOSQUEE HASSAN II,33.6054128,-7.6295007
MOSQUEE HASSAN II,33.605436,-7.6296708
MOSQUEE HAY EL FARAH,33.5714794,-7.5882038
MOSQUEE HAY EL FARAH,33.5716983,-7.5881448
MOSQUEE KAOUTAR,33.5745906,-7.6821368
MOSQUEE LISSASFA,33.5345686,-7.6703102
MOSQUEE LISSASFA,33.5346656,-7.6701591
MOSQUEE LMZABIENNE,33.5268145,-7.5914542
MOSQUEE LMZABIENNE,33.5269021,-7.5913
MOSQUEE MALI,33.6877257,-7.391646
MOSQUEE MALI,33.6877984,-7.3911791
MOSQUEE MSALLA,33.5455846,-7.6023564
MOSQUEE MSALLA,33.5456132,-7.6022218
MOSQUEE NASSIM,33.5197845,-7.6616548
MOSQUEE NASSIM,33.5197942,-7.6613843
MOSQUEE NOUZHA,33.4448615,-7.5140275
MOSQUEE OMAR IBN AL KHATTAB,33.3855804,-7.6853373
MOSQUEE OMAR IBN AL KHATTAB,33.3862393,-7.6858392
MOSQUEE OULAD SALH,33.4005002,-7.6788801
MOSQUEE OULAD SALH,33.4012983,-7.6783123
MOSQUEE OULD EL HAMRA,33.6024723,-7.6182837
MOSQUEE OULD EL HAMRA,33.6026473,-7.6185491
MOSQUEE QODS,33.6104466,-7.4979593
MOSQUEE QODS,33.6109991,-7.4968457
MOSQUEE QUARTIER INDUSTRIEL,33.6298437,-7.49699
MOSQUEE ROI ABDALLAH,33.4679746,-7.6560769
MOSQUEE ROI ABDALLAH,33.4682639,-7.6559738
MOSQUEE SONNA,33.5614555,-7.6091219
MOSQUEE SONNA,33.5615357,-7.608887
MOSQUEE TAHA,33.5512683,-7.6124164
MOSQUEE TAHA,33.5513852,-7.612362
MOSQUEE TAMARIS,33.499407,-7.8678106
MOSQUEE TAMARIS,33.4995612,-7.8670715
MOSQUEE YACOUT,33.5497099,-7.590338
MOSQUEE YACOUT,33.5497425,-7.5904721
MSALLA DE AIN CHOK1,33.5466314,-7.5998108
MUNICIPALITE DEROUA,33.3753244,-7.5413141
MUNICIPALITE DEROUA,33.3754906,-7.5414739
MUNICIPALITE NOUACEUR,33.372706,-7.5493183
MUNICIPALITE NOUACEUR,33.372977,-7.5492209
NEJMET SIDI MOUMEN,33.5839069,-7.5061092
NEJMET SIDI MOUMEN,33.5840358,-7.5061963
OFFICE AGRICOLE,33.4535257,-7.5098266
OFFICE AGRICOLE,33.4536621,-7.5098793
OFPPT AIN BORJA,33.5801412,-7.5917238
OFPPT AIN BORJA,33.5803749,-7.5915208
OFPPT AIN SEBAA,33.609123,-7.529376
OFPPT AIN SEBAA,33.6091869,-7.5291331
OFPPT BOULEVARD BAHMAD,33.5874735,-7.59408
OFPPT BOULEVARD BAHMAD,33.587485,-7.5941322
OFPPT DERB GHALLEF,33.5699181,-7.63121
OFPPT DERB GHALLEF,33.5700418,-7.6312507
OFPPT EL HANK,33.6027085,-7.6456405
OFPPT EL HANK,33.6028437,-7.6456187
OFPPT ROUTE MARRAKECH,33.5224199,-7.6342129
OFPPT ROUTE MARRAKECH,33.5228038,-7.63498
OFPPT SIDI MOUMEN,33.574751,-7.5221652
OFPPT SIDI MOUMEN,33.5748535,-7.522462
ONEP BOUSKOURA,33.4943255,-7.6298022
ONEP BOUSKOURA,33.4945478,-7.6298876
ORPHELINAT DE AIN CHOC,33.5492859,-7.5943791
ORPHELINAT DE AIN CHOC,33.5493432,-7.5942754
OUED EL MALEH,33.6517235,-7.4056769
OUED EL MALEH,33.6519383,-7.4057252
OUED HASSAR,33.5379021,-7.4197997
OUED HASSAR,33.5381631,-7.4197604
OUED NASSIM,33.5213906,-7.6649552
OUED NASSIM,33.5214637,-7.6649296
OULED BA HMAD,33.6148494,-7.350161
OULED BA HMAD,33.6150357,-7.3500252
OULED HARRES,33.5779338,-7.5674621
OULED HARRES,33.5779888,-7.568148
OULED ISSA,33.4712977,-7.7755209
OULED ISSA,33.4713556,-7.7750808
OULED TALEB,33.53636,-7.6177621
OULED TALEB,33.5363829,-7.6175432
OULFA PRESTIGE,33.5416893,-7.712636
OUM RAYAT,33.6626513,-7.3717839
OUM RAYAT,33.6626759,-7.3720377
P3003 SIDI MOUSSA,33.5679872,-7.377832
P3003 SIDI MOUSSA,33.5680812,-7.377738
P3011 BOUSKOURA,33.4551203,-7.6502603
P3011 BOUSKOURA,33.4552062,-7.6500912
PALAIS ATLAS,33.5671352,-7.5094966
PALAIS ATLAS,33.5674223,-7.5093854
PALAIS DES AMBASSADES,33.5251672,-7.6837542
PALAIS DES AMBASSADES,33.5253792,-7.683835
PALAIS ROYAL AIN GUEDDID,33.5587912,-7.7242429
PALAIS ROYAL AIN GUEDDID,33.5589425,-7.7244428
PALMIER,33.5796698,-7.6322854
PALMIER,33.5797672,-7.6324017
PALMIER ABDELMOUMEN,33.5812057,-7.6245608
PALMIER ABDELMOUMEN,33.5817805,-7.6240512
PANORAMIQUE,33.552632,-7.6069343
PANORAMIQUE,33.5529184,-7.6070833
PARC (MOH),33.7057303,-7.3975108
PARC (MOH),33.7058008,-7.3974501
PARC HAY HASSANI,33.5706132,-7.6782154
PARC INDUSTRIEL,33.4425095,-7.6507593
PARC INDUSTRIEL,33.4426619,-7.6509787
PARC LE LAC,33.6024203,-7.636126
PARC LE LAC,33.6025652,-7.6361088
PARK DE BOUSKOURA,33.4737668,-7.6176512
PARK.BOUS,33.4744537,-7.6173649
PEAGE NOUACEUR,33.3909261,-7.6076202
PEAGE NOUACEUR,33.3912527,-7.6078282
PENETRATION AZBANE,33.5304401,-7.6654226
PENETRATION AZBANE,33.5306148,-7.6652481
PEPINIERE BOUSKOURA,33.4883461,-7.6743961
PEPINIERE BOUSKOURA,33.4883518,-7.6742299
PEPINIERE DAR BOUAZZA,33.5158269,-7.8096611
PEPINIERE DAR BOUAZZA,33.516209,-7.8095053
PEPINIERE DERB GHALLEF,33.5738119,-7.6347669
PEPINIERE DERB GHALLEF,33.574072,-7.6348855
PEPINIERE OASIS,33.5618738,-7.6284042
PEPINIERE OASIS,33.5619712,-7.628634
PEPINIERE ORIKA,33.5155788,-7.6327243
PEPINIERE ORIKA,33.5157249,-7.6326504
PETIT ZENATA,33.6416667,-7.4965815
PETIT ZENATA,33.6419102,-7.4967849
PHARE EL HANK,33.6066253,-7.6512897
PHARE EL HANK,33.6067826,-7.6510082
PHARMACIE AL ATFAL,33.5522228,-7.6896919
PLACE SIDI MOHAMED,33.4536248,-7.5170247
PLACE SIDI MOHAMED,33.4538827,-7.5170264
PLAGE LALLA MERIEM,33.6032121,-7.6598986
PLAGE LALLA MERIEM,33.603215,-7.6601446
PLAGE OULAD HMIMOUN,33.6685912,-7.4412859
PLAGE OULAD HMIMOUN,33.6689309,-7.4415759
PLAGE PALOMA,33.6599298,-7.4605895
PLAGE PALOMA,33.6601968,-7.4606771
PLAGE RAHA,33.618427,-7.5433561
PLAGE RAHA,33.6185737,-7.5434506
PLAGE SAADA,33.6193042,-7.5346517
PLAGE SAADA,33.6196697,-7.5346368
POLE URBAIN NOUACEUR,33.3830193,-7.5518868
POLE URBAIN NOUACEUR,33.3830536,-7.5522335
POLYCLINIQUE CNSS BERNOUSSI,33.6112169,-7.5016465
POLYCLINIQUE CNSS BERNOUSSI,33.6114289,-7.501615
POLYCLINIQUE CNSS INARA,33.5397649,-7.5984419
POLYCLINIQUE CNSS INARA,33.539873,-7.5985765
POLYCLINIQUE CNSS OUM RABIA,33.5672306,-7.66761
PONT ANOUAL,33.5704893,-7.5780882
PONT ANOUAL,33.5707736,-7.577814
PONT AUTOROUTE A1,33.5367003,-7.5389936
PONT AUTOROUTE A1,33.5371884,-7.5389833
PONT ONCF,33.6463827,-7.4450571
PONT ONCF,33.6466389,-7.4453551
POSTE DE POLICE BOUTALEB,33.5730121,-7.685178
POSTE DE POLICE BOUTALEB,33.5731954,-7.6854021
POSTE DE POLICE GARE ROUTIERE,33.5749358,-7.5902984
POSTE DE POLICE GARE ROUTIERE,33.574961,-7.5901996
POSTE MAROC (ZOLA),33.5956735,-7.5938252
POSTE MAROC (ZOLA),33.5957112,-7.5939269
PREFECTURE MEDIOUNA,33.5596048,-7.4900521
PREFECTURE MEDIOUNA,33.5597939,-7.4898659
PREFECTURE NOUACER,33.4657859,-7.638494
PREFECTURE NOUACER,33.4661955,-7.638694
PRESTIGIA,33.4740498,-7.609354
PRESTIGIA,33.4745337,-7.6094803
PRISON OKACHA,33.6075605,-7.558129
PRISON OKACHA,33.6075801,-7.5578639
PROJET SALAM,33.5888962,-7.4861921
PROJET SALAM,33.589009,-7.4860758
PROMENADE MARITIME,33.6035983,-7.6416573
PROMENADE MARITIME,33.6038544,-7.6416355
PROTECTION CIVIL AIN SEBAA,33.6061182,-7.5504944
PROTECTION CIVIL AIN SEBAA,33.6061783,-7.5505962
PROTECTION CIVIL BOUSKOURA,33.4325744,-7.6397184
PROTECTION CIVIL BOUSKOURA,33.4326185,-7.6395523
PROTECTION CIVIL EL QODS,33.621914,-7.4876875
PROTECTION CIVIL EL QODS,33.6220515,-7.4878691
PROTECTION CIVIL MOHAMMEDIA,33.6825249,-7.4082612
PROTECTION CIVIL MOHAMMEDIA,33.6826682,-7.4081673
PROTECTION CIVILE,33.5478821,-7.6222231
PROTECTION CIVILE,33.5484494,-7.6221658
PTT BIR ANZARAN,33.580111,-7.6371361
PTT BIR ANZARAN,33.5801339,-7.6367373
PTT HAY ALAMAL,33.5678516,-7.5905411
PTT HAY ALAMAL,33.5679059,-7.5908096
PTT ROUDANI,33.5698529,-7.6435505
PTT ROUDANI,33.5706426,-7.6432488
QADI TAZI (SOS),33.6781126,-7.3962812
QADI TAZI (SOS),33.6783991,-7.3965041
QUARTIER ANFA MOHAMMEDIA,33.6908953,-7.370756
QUARTIER ANFA MOHAMMEDIA,33.6909612,-7.3706609
QUARTIER DRISSIA,33.5636041,-7.5917481
QUARTIER DRISSIA,33.5639192,-7.5922093
QUARTIER INDUSTRIEL MEDIOUNA,33.5398894,-7.4938623
QUARTIER INDUSTRIEL MEDIOUNA,33.5399024,-7.494173
QUARTIER NASSIM,33.6786712,-7.4006048
QUARTIER NASSIM,33.6788809,-7.4002392
QUARTIER POLO,33.5539841,-7.6031139
QUARTIER POLO,33.5540214,-7.6036473
QUARTIER TAKADOUM,33.5855229,-7.5678038
QUARTIER TAKADOUM,33.5857251,-7.5677564
RACHAD,33.5664776,-7.6091434
RESIDENCE ABOUAB OUM RABIA,33.5604242,-7.6724343
RESIDENCE ABOUAB OUM RABIA,33.5607622,-7.672251
RESIDENCE ABWAB SALAM,33.5811939,-7.4780269
RESIDENCE ABWAB SALAM,33.5812191,-7.4782532
RESIDENCE AL AMANE,33.5951053,-7.5391758
RESIDENCE AL AMANE,33.5952107,-7.5392978
RESIDENCE AL AMANE 2,33.5936852,-7.5449411
RESIDENCE AL AMANE 2,33.5938414,-7.5450131
RESIDENCE AL BADR,33.5990014,-7.5331047
RESIDENCE AL BADR,33.5991389,-7.5331649
RESIDENCE AL BAIDA EL QODS,33.6144009,-7.4879167
RESIDENCE AL FADL,33.5533212,-7.5175655
RESIDENCE AL FADL,33.5534513,-7.5177552
RESIDENCE AL FAJR,33.504853,-7.7140958
RESIDENCE AL FAJR,33.5049962,-7.7140906
RESIDENCE AL FIRDAOUS,33.5583077,-7.6681618
RESIDENCE AL FIRDAOUS,33.5583622,-7.6679937
RESIDENCE AL HOUDA,33.58209,-7.524523
RESIDENCE AL HOUDA,33.5821221,-7.5243218
RESIDENCE AL MAWLID,33.5526835,-7.6234796
RESIDENCE AL MAWLID,33.5527752,-7.6232419
RESIDENCE AL WIFAK,33.5966065,-7.5365906
RESIDENCE AL WIFAK,33.5967411,-7.5366725
RESIDENCE ALASSIL,33.5932088,-7.5611046
RESIDENCE ALASSIL,33.5933864,-7.5611882
RESIDENCE ALKIMA,33.5922978,-7.5012167
RESIDENCE ALKIMA,33.5927447,-7.5011692
RESIDENCE ANDALOUS,33.6643988,-7.3995122
RESIDENCE ANDALOUS,33.6644504,-7.3992824
RESIDENCE ANNACER,33.568908,-7.5961948
RESIDENCE ANNACER,33.5690271,-7.5959381
RESIDENCE ASSALAM,33.5853106,-7.5815242
RESIDENCE ASSALAM,33.5856343,-7.581342
RESIDENCE BAB EL BAIDA 1,33.6163684,-7.4829962
RESIDENCE BAB EL BAIDA 1,33.6166174,-7.4828119
RESIDENCE BACHKOU,33.5328885,-7.6471856
RESIDENCE BACHKOU,33.5329737,-7.6472571
RESIDENCE BASSATIN ALOULFA,33.5477837,-7.7020936
RESIDENCE BASSATIN ALOULFA,33.5477965,-7.7024042
RESIDENCE BASSATIN ALOULFA_ 2,33.5436422,-7.6974147
RESIDENCE BASSATIN ALOULFA_ 2,33.5437832,-7.6973173
RESIDENCE BOUAARFA,33.6006906,-7.6362277
RESIDENCE BOUAARFA,33.6008349,-7.6362761
RESIDENCE CHARAF,33.5856572,-7.5271528
RESIDENCE CHARAF,33.5856658,-7.5269162
RESIDENCE CHIFAE,33.5833389,-7.6318379
RESIDENCE CHIFAE,33.5835178,-7.6318297
RESIDENCE DANDOUN,33.514685,-7.6461882
RESIDENCE DANDOUN,33.5148024,-7.646324
RESIDENCE DES OLIVIERS,33.5860755,-7.5026314
RESIDENCE DES OLIVIERS,33.5861643,-7.5028101
RESIDENCE EL AHALI,33.516333,-7.6544831
RESIDENCE EL AHALI,33.5167596,-7.6541319
RESIDENCE EL ALIA,33.571708,-7.4823934
RESIDENCE EL ALIA,33.5717172,-7.4820582
RESIDENCE EL BAIDA,33.5934695,-7.4986883
RESIDENCE EL BAIDA,33.594144,-7.4988958
RESIDENCE EL BAIDA EL QODS,33.6143474,-7.4880647
RESIDENCE EL HADIKA,33.6032361,-7.529428
RESIDENCE EL HADIKA,33.6033788,-7.5283503
RESIDENCE EL HAMD,33.556253,-7.5438276
RESIDENCE EL HAMD,33.5564221,-7.5440906
RESIDENCE EL HORRIA,33.6898536,-7.3777942
RESIDENCE EL HORRIA,33.6900925,-7.3780348
RESIDENCE EL HOSSAINI,33.5769097,-7.6392745
RESIDENCE EL HOSSAINI,33.5772746,-7.6385113
RESIDENCE EL KAWTAR,33.5944321,-7.5116658
RESIDENCE EL KAWTAR,33.5945415,-7.5117151
RESIDENCE EL MAJD,33.5706171,-7.6346431
RESIDENCE EL MAJD,33.5708692,-7.6346993
RESIDENCE EL MANSOUR,33.5727905,-7.6486687
RESIDENCE EL MANSOUR,33.5733073,-7.6494902
RESIDENCE EL MOSTAKBAL,33.5296334,-7.648818
RESIDENCE EL MOSTAKBAL,33.5299671,-7.648601
RESIDENCE ELFATH,33.6624504,-7.3684292
RESIDENCE ELFATH,33.6625765,-7.36846
RESIDENCE ELMOUAHIDINE,33.5858349,-7.5480755
RESIDENCE ELMOUAHIDINE,33.586087,-7.5482262
RESIDENCE FLEURS DE LYS,33.7040303,-7.3703429
RESIDENCE FLEURS DE LYS,33.7041936,-7.3704724
RESIDENCE HLIWA,33.5998546,-7.5358898
RESIDENCE HLIWA,33.6000788,-7.5360258
RESIDENCE IDMAJ,33.5523332,-7.5503952
RESIDENCE IDMAJ,33.5528397,-7.5506292
RESIDENCE JAD VICTORIA,33.4145663,-7.6800753
RESIDENCE JAD VICTORIA,33.4146958,-7.6802483
RESIDENCE LES CHAMPS DE LYS,33.6898324,-7.3638931
RESIDENCE LES CHAMPS DE LYS,33.6902702,-7.3639332
RESIDENCE NAIM,33.5619884,-7.4852742
RESIDENCE NAIM,33.5620199,-7.4856821
RESIDENCE NARJIS,33.5280601,-7.6584438
RESIDENCE NARJIS,33.528193,-7.6584129
RESIDENCE OUDAYA,33.6021631,-7.5234324
RESIDENCE OUDAYA,33.6023624,-7.5238984
RESIDENCE RAYAN VICTORIA,33.4173795,-7.6790777
RESIDENCE RAYAN VICTORIA,33.417391,-7.679268
RESIDENCE RIAD AL OULFA,33.5561403,-7.697214
RESIDENCE RIAD AL OULFA,33.5563055,-7.69731
RESIDENCE ROKIA,33.6836044,-7.3718572
RESIDENCE ROKIA,33.6836273,-7.3716693
RESIDENCE SAADA,33.5880866,-7.5228029
RESIDENCE SAADA,33.5883467,-7.5228958
RESIDENCE SAFA,33.5685315,-7.5157435
RESIDENCE SAFA,33.5687378,-7.5155739
RESIDENCE SALMA,33.5489249,-7.5544715
RESIDENCE SALMA,33.5492184,-7.5547832
RESIDENCE SHEMSI,33.5925213,-7.6373773
RESIDENCE WALILI,33.5799592,-7.5122445
RESIDENCE WALILI,33.5800709,-7.5124421
RESTAURANT MRISSA,33.5471602,-7.7442861
RESTAURANT MRISSA,33.5474541,-7.7443726
ROCADE SUD OUEST,33.5188618,-7.6931742
ROCADE SUD OUEST,33.5191082,-7.6931817
ROCHES NOIRES,33.609038,-7.5669809
ROCHES NOIRES,33.6093443,-7.5664749
ROND POINT LOMO,33.5316903,-7.7706771
ROND POINT LOMO,33.5319367,-7.7708811
ROND POINT VICTORIA,33.4242751,-7.6700525
ROND POINT VICTORIA,33.4243605,-7.6701929
ROND-POINT AICHA,33.5977023,-7.5872583
ROND-POINT AICHA,33.5978039,-7.5883631
ROND-POINT ANASSI,33.5878402,-7.4998909
ROND-POINT ANASSI,33.5880322,-7.5000107
ROND-POINT BACHKOU,33.561203,-7.624333
ROND-POINT BACHKOU,33.5614576,-7.6240773
ROND-POINT CHAHDIA,33.5466314,-7.6805967
ROND-POINT CHAHDIA,33.5466675,-7.6805227
ROND-POINT MERCHICH,33.4526989,-7.5206681
ROND-POINT MERCHICH,33.453029,-7.5203398
ROND-POINT MOROCCO MALL,33.5704068,-7.7014466
ROND-POINT MOROCCO MALL,33.5707689,-7.7013893
ROUTE AZEMMOUR,33.5773665,-7.6724572
ROUTE AZEMMOUR,33.5777871,-7.6727701
ROUTE D'EL JADIDA,33.5572706,-7.6445787
ROUTE D'EL JADIDA,33.557995,-7.6443915
ROUTE DAR BOUAZZA,33.5402417,-7.7566769
ROUTE DAR BOUAZZA,33.5405139,-7.7555882
ROUTE DE L'OASIS,33.5589803,-7.6298452
ROUTE DE L'OASIS,33.5590013,-7.6299867
ROUTE DE LOUIZIA,33.688655,-7.3547538
ROUTE DE LOUIZIA,33.6889214,-7.3547962
ROUTE DE RABAT,33.6001518,-7.5631662
ROUTE DE RABAT,33.6002751,-7.5633341
ROUTE DE SIDI ABDERRAHMANE,33.5717241,-7.7004229
ROUTE DE SIDI ABDERRAHMANE,33.5718425,-7.7001456
ROUTE DES ZENATA,33.625157,-7.521763
ROUTE DES ZENATA,33.6252469,-7.5217808
ROUTE MOULAY THAMI,33.5385805,-7.7174793
ROUTE MOULAY THAMI,33.5387199,-7.7175975
ROUTE N1 AIN HARROUDA,33.6334396,-7.464819
ROUTE N1 AIN HARROUDA,33.6336614,-7.4650339
ROUTE N11 SIDI MAAROUF,33.54449,-7.6422728
ROUTE N11 SIDI MAAROUF,33.5445105,-7.6420356
ROUTE N9,33.4711516,-7.5128953
ROUTE N9,33.4711803,-7.5125831
ROUTE N9 AL MAJJATIA,33.4847651,-7.5103669
ROUTE N9 AL MAJJATIA,33.484941,-7.5101664
ROUTE N9 TIT MELLIL,33.5344291,-7.4940811
ROUTE N9 TIT MELLIL,33.5344339,-7.4944226
ROUTE NATIONALE 1 LISSASFA,33.5064149,-7.7101137
ROUTE NATIONALE 1 LISSASFA,33.5066005,-7.7102581
ROUTE NATIONALE 11,33.5210427,-7.6341515
ROUTE NATIONALE 11,33.521273,-7.6336866
ROUTE NATIONALE 9 MEDIOUNA,33.434308,-7.5212916
ROUTE NATIONALE 9 MEDIOUNA,33.4344567,-7.5215475
ROUTE OULED ZIANE,33.5819365,-7.5942588
ROUTE OULED ZIANE,33.5820018,-7.594127
ROUTE P3003,33.5893585,-7.3799244
ROUTE P3003,33.5894273,-7.3800883
ROUTE P3013 BOUSKOURA,33.4509319,-7.6426783
ROUTE P3013 BOUSKOURA,33.4513158,-7.6427087
ROUTE P3026,33.4761879,-7.6031534
ROUTE P3026,33.4765546,-7.6040673
ROUTE P3307,33.6318548,-7.33299
ROUTE P3307,33.631958,-7.3328743
ROUTE P3307 AIN TEKKI,33.6627,-7.3537678
ROUTE P3307 AIN TEKKI,33.6628576,-7.3537941
ROUTE P3336 MEDIOUNA,33.4485141,-7.5174292
ROUTE P3336 MEDIOUNA,33.4486745,-7.5173318
ROUTE R309,33.6727984,-7.4320963
ROUTE R309,33.673082,-7.4322561
ROUTE R320,33.5879262,-7.6454302
ROUTE R320 /P3012,33.5002373,-7.85806
ROUTE R320 /P3012,33.5005306,-7.8581111
ROUTE R322 ROCHES NOIRES,33.607671,-7.5702584
ROUTE R322 ROCHES NOIRES,33.6077535,-7.5703042
ROUTE R322 ZENATA,33.636906,-7.5042443
ROUTE R322 ZENATA,33.6369312,-7.5046207
ROUTE SIDI MAAROUF,33.5138198,-7.6549723
ROUTE SIDI MAAROUF,33.5141504,-7.6549723
ROYAL GOLF ANFA,33.5831454,-7.6585257
ROYAL GOLF ANFA 2,33.5830503,-7.6597347
RTM AIN CHOC,33.5389131,-7.583105
RTM AIN CHOC,33.5391354,-7.5831491
RUE 41 RIAD OULFA,33.5579418,-7.6926721
RUE AL MAROUNI,33.5744043,-7.6400246
RUE AL MAROUNI,33.5748662,-7.6399009
RUE BEN KACEM ADDAHMANI,33.5523546,-7.578797
RUE BEN KACEM ADDAHMANI,33.5523993,-7.5788703
RUE D'ALGER,33.5941511,-7.6237987
RUE DE BELGRADE,33.5754406,-7.6101812
RUE DE BELGRADE,33.5754751,-7.6100735
RUE DE L'ALMA,33.5985918,-7.6386195
RUE DES EPERVIERS,33.5642859,-7.6397734
RUE EL HAOUZA,33.6057258,-7.5626694
RUE EL HAOUZA,33.6057751,-7.5627219
RUE FAROUKI ERRAHALI,33.5589151,-7.6010395
RUE FAROUKI ERRAHALI,33.5590112,-7.6007534
RUE IBNOU ADRAA,33.5890377,-7.5729339
RUE IBNOU ADRAA,33.5891901,-7.5727202
RUE KAID AL ACHTAR,33.5824518,-7.6413792
RUE NORMANDIE,33.5850425,-7.6393896
RUE OUALILI,33.5744043,-7.6435309
RUE OUALILI,33.574629,-7.6433377
RUE SALONIQUE,33.5769082,-7.6129773
RUE SALONIQUE,33.577029,-7.612917
RUE WASHINGTON,33.593457,-7.6309255
RUE WASHINGTON,33.5936538,-7.6302559
SAKANI AHL LOGHLAM,33.5987017,-7.4782217
SAKANI AHL LOGHLAM,33.5990117,-7.4782832
SALAM MOHAMMEDIA,33.6997315,-7.3589457
SALAM MOHAMMEDIA,33.7001915,-7.3586941
SALLE DE SPORT LA CORNICHE,33.5715716,-7.6891498
SALLE DE SPORT LA CORNICHE,33.5717205,-7.6892215
SALLE DERKAOUI,33.6159495,-7.5211448
SALLE DERKAOUI,33.6160641,-7.5213052
SAMIR (MOH),33.6783905,-7.4162362
SAMIR (MOH),33.6787342,-7.416486
SCHNEIDER,33.5626181,-7.6681945
SEHAB RMAL,33.6454024,-7.3383174
SEHAB RMAL,33.6455084,-7.3382211
SIDI BERNOUSSI,33.6163981,-7.4970067
SIDI BERNOUSSI,33.6164996,-7.4971585
SIDI BOUZIANE,33.4849272,-7.7398783
SIDI BOUZIANE,33.4849943,-7.7393764
SIDI GHANEM,33.4970722,-7.5056738
SIDI GHANEM,33.4970814,-7.5052183
SIDI MESSAOUD,33.5131895,-7.6316409
SIDI MESSAOUD,33.5133442,-7.6318408
SIDI MOUSSA EL MAJDOUB,33.6047768,-7.3850049
SIDI MOUSSA EL MAJDOUB,33.6048685,-7.384884
SINDIBAD,33.5825224,-7.6987711
SINDIBAD,33.5825989,-7.6994576
SNRT AIN CHOCK,33.537328,-7.5858388
SNRT AIN CHOCK,33.5374789,-7.5859917
SOCIETE COSUMAR,33.5989435,-7.5716687
SOCIETE COSUMAR,33.5992092,-7.571057
SOUK ALLEK,33.6092346,-7.5006323
SOUK BOURGOGNE,33.5991125,-7.6431561
SOUK BOURGOGNE,33.5997106,-7.6420826
SOUK CHRIFA,33.5361594,-7.6017176
SOUK CHRIFA,33.5365204,-7.6020063
SOUK LAAYOUNE,33.564581,-7.5953858
SOUK LAAYOUNE,33.5646698,-7.5950518
SOUK LHJAJMA,33.5961056,-7.6483799
SOUK LHJAJMA,33.596155,-7.6485413
SOUK LWIZIA,33.6756947,-7.3508107
SOUK LWIZIA,33.6759038,-7.350946
SOUK OULD MINA,33.5685886,-7.6756633
SOUK OULD MINA,33.5686578,-7.6756998
SOUK SALAM,33.5831935,-7.5524575
SOUK SALAM,33.5834112,-7.552552
SOUK SWISRA,33.5641404,-7.3719729
SOUK SWISRA,33.5642767,-7.3723322
STADE COC,33.5609842,-7.6447656
STADE COC,33.5610666,-7.6445124
STADE HAY HASSANI,33.570789,-7.6805095
STADE MOHAMED V,33.5841384,-7.6478018
STADE PERE JEGO,33.5503195,-7.6517895
STADE TISSIMA,33.5444156,-7.5621869
STADE TISSIMA,33.5446172,-7.5621061
STATION ANOUAL,33.570216,-7.625819
STATION ANOUAL,33.5702452,-7.6261238
STATION EL FALAH,33.6846558,-7.3801972
STATION EL FALAH 2,33.6844017,-7.3800374
SWILBATE,33.68035,-7.3468155
SWILBATE,33.6804554,-7.3470011
SWILBATE 2,33.6780355,-7.3499172
SWILBATE 2,33.6781776,-7.3496346
TACHAROUK BD OQBA,33.569666,-7.5200562
TACHAROUK BOULEVARD OQBA,33.5699353,-7.5197594
TARIK EL KHIR,33.6087893,-7.4963071
TARIK EL KHIR,33.608948,-7.4961209
TARIQ BNOU ZYAD,33.575742,-7.6241175
TARIQ BNOU ZYAD,33.5758592,-7.6247523
TECHNOPARC,33.5404213,-7.6377114
TECHNOPARC,33.5406285,-7.6384132
TECHNOPOLE NOUACEUR,33.3734967,-7.5531594
TECHNOPOLE NOUACEUR,33.3737797,-7.5530563
TERMINUS ABOUAB AL OULFA,33.5475154,-7.7040305
TERMINUS AIN SEBAA,33.5956195,-7.5302426
TERMINUS AIN SEBAA,33.5956503,-7.5300558
TERMINUS AL ANDALOUS,33.4633429,-7.64422
TERMINUS AL HAMD,33.5120555,-7.5138924
TERMINUS AL HAMD,33.5120672,-7.5140204
TERMINUS AL OULFA 1,33.5511138,-7.6844698
TERMINUS AL OULFA 1,33.5512177,-7.6843247
TERMINUS AL QODS,33.6145778,-7.4912896
TERMINUS AL QODS,33.6146182,-7.491608
TERMINUS ANASSI,33.5913228,-7.4908799
TERMINUS ANASSI,33.5919063,-7.4899476
TERMINUS BEN ABID,33.489265,-7.8852999
TERMINUS BERNOUSSI,33.6134026,-7.5041221
TERMINUS BERNOUSSI,33.6134415,-7.5041771
TERMINUS BOUCHENTOUF,33.5702114,-7.6010839
TERMINUS BOUCHENTOUF,33.5706326,-7.6007126
TERMINUS BOULEVARD PARIS,33.5952657,-7.6241678
TERMINUS CASA PORT,33.5980904,-7.6126691
TERMINUS CASA PORT 2,33.5999237,-7.6142458
TERMINUS CINEMA RIF,33.5966108,-7.6154971
TERMINUS COMMUNE SIDI BELYOUT,33.5951384,-7.6266175
TERMINUS COMMUNE SIDI BELYOUT,33.595306,-7.6262847
TERMINUS DAOULIZ,33.6027943,-7.6593551
TERMINUS DAR LHAMRA,33.5706946,-7.6708242
TERMINUS DAR LHAMRA,33.5708124,-7.6707299
TERMINUS DOHA,33.5912189,-7.516572
TERMINUS DOHA,33.5913467,-7.5169244
TERMINUS EL FATH II,33.6694523,-7.3912266
TERMINUS EL HANK,33.6024873,-7.6537531
TERMINUS EL HANK,33.602965,-7.6539415
TERMINUS EL MANSOURIA,33.6187533,-7.4793037
TERMINUS EL MANSOURIA,33.6189216,-7.4793217
TERMINUS EL OULFA,33.5570036,-7.6898797
TERMINUS ELFADL,33.5583211,-7.5087099
TERMINUS FACULTE BEN M'SIK,33.5659996,-7.5429504
TERMINUS FACULTE BEN M'SIK,33.5661345,-7.5431623
TERMINUS FACULTE DES LETTRES,33.7026268,-7.3745498
TERMINUS FACULTE DES LETTRES,33.7027125,-7.373858
TERMINUS FACULTES MOHAMMEDIA,33.7055993,-7.3561821
TERMINUS FACULTES MOHAMMEDIA,33.7057054,-7.3562987
TERMINUS FARAH SALAM,33.5326472,-7.6997839
TERMINUS FERARA,33.5545321,-7.6868015
TERMINUS FERARA,33.5553688,-7.6855875
TERMINUS GARE ONCF MOHAMMEDIA,33.6953543,-7.3891553
TERMINUS GARE ONCF MOHAMMEDIA,33.6953635,-7.3889658
TERMINUS GARE OULED ZIANE,33.5756858,-7.5899168
TERMINUS GARE OULED ZIANE,33.5757185,-7.5900117
TERMINUS HARBILI,33.6306273,-7.4912276
TERMINUS HAY EL FALAH,33.5563691,-7.5479535
TERMINUS HAY EL FALAH,33.557674,-7.5491607
TERMINUS HAY EL FARAH,33.5660907,-7.5879946
TERMINUS HAY EL FARAH,33.566603,-7.5878554
TERMINUS HAY EL WAHDA,33.5425995,-7.5435612
TERMINUS HAY EL WAHDA,33.5430464,-7.5439703
TERMINUS HAY HASSANI,33.5710491,-7.679185
TERMINUS HAY HASSANI II,33.56609,-7.683295
TERMINUS HAY HASSANI II,33.5662808,-7.6835367
TERMINUS HAY LMASJID,33.5623131,-7.6076178
TERMINUS HAY LMASJID,33.5625129,-7.6073254
TERMINUS HAY SALAM,33.5447496,-7.6732072
TERMINUS HOPITAL SOFI,33.6026247,-7.6331906
TERMINUS HOUPHEIT BOIGNY,33.5984623,-7.6148278
TERMINUS HOUPHEIT BOIGNY,33.5985946,-7.615048
TERMINUS JAMILA,33.541956,-7.5794639
TERMINUS JAMILA,33.542164,-7.5796719
TERMINUS JAMILA II,33.5472353,-7.5848993
TERMINUS JAMILA II,33.5473949,-7.5844959
TERMINUS KASBAT LAMINE,33.5336207,-7.6850188
TERMINUS KHIAYTA,33.4675785,-7.7850543
TERMINUS LA GARE ROUTIERE,33.5732478,-7.5879286
TERMINUS LAHRAOUIYINE 1,33.5322094,-7.5198241
TERMINUS LISSASFA,33.5313567,-7.6739437
TERMINUS LISSASFA,33.5315492,-7.674105
TERMINUS LMKANSA II,33.5248617,-7.5627982
TERMINUS LMKANSA II,33.5249881,-7.5623948
TERMINUS LMZABIENNE,33.5156432,-7.5936017
TERMINUS MAARIF,33.5824796,-7.6406724
TERMINUS MAARIF,33.5825535,-7.6403384
TERMINUS MAARIF 2,33.5855713,-7.6412213
TERMINUS MANDAROUNA,33.530391,-7.6172875
TERMINUS MANDAROUNA,33.530541,-7.617031
TERMINUS MEDIOUNA,33.4503425,-7.496403
TERMINUS MEDIOUNA,33.4505607,-7.4957015
TERMINUS MEDIOUNA 1,33.4544579,-7.5182536
TERMINUS MOSQUEE EL HOSNA,33.5436159,-7.5818989
TERMINUS MOSQUEE EL HOSNA,33.5440605,-7.5818199
TERMINUS MOSQUEE SALMIA,33.538202,-7.5539697
TERMINUS MOSQUEE SALMIA,33.5384403,-7.5542379
TERMINUS MOSQUEE TARIQ,33.6078866,-7.5150212
TERMINUS MOSQUEE TARIQ,33.6080931,-7.5151601
TERMINUS MOULAY RACHID,33.5657321,-7.5285749
TERMINUS MOULAY RACHID,33.5657487,-7.5288849
TERMINUS MOULAY YOUSSEF,33.5988294,-7.6314899
TERMINUS MOULAY YOUSSEF,33.5999614,-7.6323545
TERMINUS MUSEE ALSA,33.5782397,-7.6340532
TERMINUS MUSEE ALSA,33.5787981,-7.6351301
TERMINUS NAHDA,33.7000371,-7.3522044
TERMINUS NAIM 2,33.5648165,-7.4995552
TERMINUS NAIM 2,33.5651052,-7.4995099
TERMINUS NASSIM,33.5180918,-7.6584958
TERMINUS OUAD DAHAB,33.5409567,-7.5730338
TERMINUS OUAD DAHAB,33.5412447,-7.5727261
TERMINUS OULAD AHMED,33.4957223,-7.7267839
TERMINUS OULAD AHMED,33.4958232,-7.7269719
TERMINUS OULAD SALEH,33.3761991,-7.6925133
TERMINUS PLACE LA CONCORDE,33.5962803,-7.6218917
TERMINUS PLACE LA CONCORDE,33.5965096,-7.6213949
TERMINUS PLACE MEKOUAR,33.6149867,-7.5368335
TERMINUS PLACE NATIONS UNIES,33.5944424,-7.6194357
TERMINUS PLACE OUAD LMAKHAZIN,33.5946956,-7.6229452
TERMINUS PLACE SIDI MAAROUF,33.5645448,-7.6038639
TERMINUS PLACE SIDI MAAROUF,33.5650232,-7.6040505
TERMINUS PLACE SRAGHNA,33.5695281,-7.6011233
TERMINUS PLACE SRAGHNA 2,33.5672993,-7.5995841
TERMINUS PORT MOHAMMEDIA,33.7088339,-7.4017855
TERMINUS QUARTIER DES HOPITAUX,33.5770858,-7.6248393
TERMINUS QUARTIER SHEMS,33.7086853,-7.3505986
TERMINUS QUARTIER SHEMS,33.7087995,-7.3508121
TERMINUS RACHIDIA,33.6872581,-7.3803593
TERMINUS RACHIDIA,33.687489,-7.3808756
TERMINUS RACHIDIA 3,33.6801905,-7.375883
TERMINUS RACHIDIA 3,33.6802433,-7.3757592
TERMINUS RAHMA,33.5379516,-7.7270464
TERMINUS RAHMA,33.5380862,-7.7274154
TERMINUS RIAD AL OULFA,33.5538131,-7.7009745
TERMINUS RIAD AL OULFA,33.5542551,-7.7006066
TERMINUS RIAD AL OULFA III,33.54949,-7.7046528
TERMINUS ROND POINT NAPOLEON,33.5634706,-7.6335498
TERMINUS SAKANI,33.6038575,-7.481966
TERMINUS SAKANI,33.6041453,-7.4823912
TERMINUS SALMIA,33.5367883,-7.5505828
TERMINUS SALMIA,33.5368166,-7.5504024
TERMINUS SIDI HAJJAJ,33.5401777,-7.4143265
TERMINUS SIDI LKHADIR,33.5691969,-7.6843286
TERMINUS SIDI MAAROUF,33.5081218,-7.6574373
TERMINUS SIDI MOUSSA BEN ALI,33.562732,-7.3738919
TERMINUS TACHAROUK,33.5696775,-7.5228648
TERMINUS TACHAROUK,33.5697932,-7.5229128
TERMINUS TAH,33.5329937,-7.5831696
TERMINUS TAH,33.5331402,-7.583206
TERMINUS TIT MELLIL,33.5507161,-7.4862559
TERMINUS TRAM 1 SIDI MOUMEN,33.5889785,-7.4991896
TERMINUS TRAM 1 SIDI MOUMEN,33.589043,-7.4989767
TERMINUS TRAM 2 BERNOUSSI,33.6104457,-7.5063608
TERMINUS TRAM 2 BERNOUSSI,33.610621,-7.5066364
TERMINUS VILLE ENNASR,33.4129226,-7.6758222
TERMINUS VILLE ENNASR,33.4129577,-7.6756585
TERMINUS ZAOUIA,33.3842434,-7.6206666
TERMINUS ZI BERNOUSSI,33.623155,-7.507558
TERMINUS ZI BERNOUSSI,33.6232248,-7.5076246
TERMINUS ZI OULAD SALEH,33.4215535,-7.6392303
TERMINUS ZOUBIR,33.5407785,-7.6832071
TERMINUS ZOUBIR,33.5408712,-7.6831117
TERRAIN LAARBI  ZAOULI,33.5970706,-7.5446398
TERRAIN LAARBI  ZAOULI,33.5972544,-7.544749
THEATRE MY RACHID,33.563077,-7.554103
THEATRE MY RACHID,33.5631022,-7.5535496
TIKIOUIN,33.5778402,-7.5533828
TRIBUNAL ADMINISTRATIF,33.5600151,-7.5662171
TRIBUNAL ADMINISTRATIF,33.5600804,-7.5663053
TRIBUNAL AIN SEBAA,33.5993166,-7.5310346
TRIBUNAL AIN SEBAA,33.5993435,-7.5307109
TRIBUNAL DE 1ER INSTANCE,33.5538744,-7.6661078
TRIBUNAL DE 1ER INSTANCE,33.553909,-7.6658774
TWIN CENTER,33.5874506,-7.6323462
TWIN CENTER,33.5882785,-7.6336439
UNIVERSITE INTERNATIONALE,33.4970264,-7.6080373
UNIVERSITE INTERNATIONALE,33.4970493,-7.6085117
VICTORIA CITY,33.4179164,-7.6725529
VICTORIA CITY,33.4179869,-7.6722292
VILLE DEROUA,33.3897544,-7.5361451
VILLE VERTE,33.4918411,-7.6090228
VILLE VERTE,33.491864,-7.609421
VILLE VERTE II,33.4743545,-7.6008719
VILLE VERTE II,33.4744771,-7.600606
WILAYA GRAND CASABLANCA,33.5906964,-7.6192948
ZONE INDUSTRIEL BOUSKOURA,33.4422459,-7.6450733
ZONE INDUSTRIEL BOUSKOURA,33.4422688,-7.6453626
ZONE INDUSTRIEL CHELLALATE,33.6221374,-7.442085
ZONE INDUSTRIEL CHELLALATE,33.6224304,-7.4420416
ZONE INDUSTRIEL CHELLALATE 1,33.6291533,-7.4315233
ZONE INDUSTRIEL CHELLALATE 1,33.6291533,-7.4311457
ZONE INDUSTRIEL MOHAMMEDIA T1,33.6641066,-7.406948
ZONE INDUSTRIEL MOHAMMEDIA T1,33.6642132,-7.407156
ZONE INDUSTRIEL MOHAMMEDIA T2,33.6611101,-7.4111942
ZONE INDUSTRIEL MOHAMMEDIA T2,33.6612132,-7.4114022
ZONE INDUSTRIEL ZENATA,33.6535642,-7.4422909
ZONE INDUSTRIEL ZENATA,33.6540357,-7.4422938
ZONE INDUSTRIELLE OKACHA,33.6126177,-7.55824
ZONE INDUSTRIELLE OKACHA,33.6127406,-7.5583196
ZONE LOGISTIQUE LAHRAOUYINE,33.5541372,-7.5110683
ZONE URBAINE 16 BEN MSIK,33.5544797,-7.5874892
ZONE URBAINE 16 BEN MSIK,33.5546295,-7.5876697
