StopName,StopLat,StopLon,NumRoutes
112 BOULEVARD D'ANFA,33.5920589,-7.6339546,4
112 BOULEVARD D'ANFA,33.5921369,-7.6335241,4
4EME ARRONDISSEMENT,33.5571297,-7.5726113,3
4EME ARRONDISSEMENT,33.5576585,-7.5734719,3
ABATOIRS MUNICIPAUX,33.5495953,-7.5497331,2
ABATOIRS MUNICIPAUX,33.5497557,-7.549414,2
ABOUAB AL OULFA,33.5453151,-7.7067268,2
ABOUAB AL OULFA,33.5457429,-7.7056403,2
ABRAR MEDIOUNA,33.4707323,-7.5276384,2
ABRAR MEDIOUNA,33.4708154,-7.527381,2
ACADEMIE D'EDUCATION,33.5693738,-7.667661,4
ACADEMIE D'EDUCATION,33.569796,-7.6679979,4
ACCES PLAGE N13,33.5844634,-7.6897968,1
ACCES PLAGE N13,33.5849752,-7.6892537,1
AEROPORT ANFA,33.5660598,-7.6524169,2
AEROPORT TIT MELLIL,33.6026176,-7.4677084,2
AEROPORT TIT MELLIL,33.6027287,-7.4682084,2
AEROPORT TIT MELLIL 2,33.5950194,-7.4712287,1
AEROPORT TIT MELLIL 2,33.5952199,-7.4713794,1
AGENCE BANQUAIRE AZHAR,33.6021263,-7.4832528,1
AGENCE BANQUAIRE AZHAR,33.6024105,-7.4828351,1
AIN ABBOU,33.5803144,-7.3761687,1
AIN ABBOU,33.5803631,-7.3759699,1
AIN DIAB,33.5918781,-7.676855,1
AIN DIAB,33.591935,-7.6762703,1
AIN GUEDDID,33.5520189,-7.7342943,1
AIN GUEDDID,33.5520876,-7.7345252,1
AIN HARROUDA CENTRE,33.6341638,-7.4552827,1
AIN HARROUDA CENTRE,33.6342183,-7.4558809,1
AL ADARISSA,33.5806038,-7.5407543,3
AL ADARISSA,33.5807103,-7.5408551,3
AL ARSA MEDIOUNA,33.4297783,-7.5224878,1
AL ARSA MEDIOUNA,33.4298356,-7.5228069,1
AL ARSAT BOUSKOURA,33.4792246,-7.6643608,1
AL ARSAT BOUSKOURA,33.4792704,-7.6642742,1
AL AZHARI II,33.5480729,-7.6833362,2
AL GHOFRANE,33.5217724,-7.5251291,1
AL GHOFRANE,33.5219443,-7.5250432,1
AL HOUDA,33.5856727,-7.5255864,1
AL HOUDA,33.5860812,-7.525399,1
AL KHALIL,33.5477112,-7.5987011,1
AL KHALIL,33.5479076,-7.5988381,1
AL MADINA LJADIDA1,33.5550768,-7.5332239,1
AL MADINA LJADIDA1,33.5554624,-7.5330085,1
AL MASSIRA 1 DEROUA,33.4008646,-7.5343303,1
AL WATTASSINE,33.5516727,-7.7048607,2
AL WATTASSINE,33.5520617,-7.703944,2
ALLEE DES CITRONNIERS,33.6129558,-7.5280558,1
ALLEE DES CITRONNIERS,33.6130556,-7.5281281,1
ALLEE DES EUCALYBTUS,33.6105241,-7.5419354,1
ALLEE DES EUCALYBTUS,33.6109583,-7.541652,1
ALLEE DES MIMOSAS,33.6057861,-7.5267706,2
ALLEE DES MIMOSAS,33.6058897,-7.5269722,2
ALLEE LES JARDINS,33.6188028,-7.540281,1
ALLEE LES JARDINS,33.6189461,-7.5405108,1
AMGALA 1,33.6168433,-7.4999219,1
AMGALA1,33.6169522,-7.5002358,1
ANAPEC SIDI MOUMEN,33.580747,-7.5435881,2
ANAPEC SIDI MOUMEN,33.5809189,-7.543477,3
ANGLE ALLEE DES CYPRES,33.6038011,-7.5468474,2
ANGLE ALLEE DES CYPRES,33.6039846,-7.5466484,2
ANGLE AVENUE LAHRAOUIYINE,33.5537148,-7.5767824,3
ANGLE AVENUE LAHRAOUIYINE,33.553944,-7.5762261,3
ANGLE AVENUE MEKNES,33.5390181,-7.5930805,2
ANGLE AVENUE MEKNES,33.5391718,-7.5927794,2
ANGLE BD ANFA/BDZERKTOUNI,33.5897948,-7.6350217,3
ANGLE BD ANFA/BDZERKTOUNI,33.5898897,-7.634779,3
ANGLE BD BALTI BEN MEKKI,33.6033033,-7.5812864,2
ANGLE BD BALTI BEN MEKKI,33.6034294,-7.5804251,2
ANGLE BD IFNI,33.5840948,-7.5972978,2
ANGLE BD STENDAL / GHANDI,33.5660756,-7.6370853,2
ANGLE BD TAHIRI EL BEKAY,33.6156539,-7.5515081,1
ANGLE BD TAHIRI EL BEKAY,33.6160091,-7.5517579,1
ANGLE BOLEVARD STENDAL GHANDI,33.566085,-7.6373607,2
ANGLE BOULEVARD ABOU REGREG,33.5658222,-7.676654,2
ANGLE BOULEVARD ABOU REGREG,33.5670387,-7.6768778,2
ANGLE BOULEVARD AL BINA,33.6250137,-7.5051501,1
ANGLE BOULEVARD AL BINA,33.62522,-7.5051364,1
ANGLE BOULEVARD AL HOUCEIMA,33.54975,-7.6166443,1
ANGLE BOULEVARD AL HOUCEIMA,33.550292,-7.6159074,1
ANGLE BOULEVARD C AIN SEBAA,33.6227809,-7.5259892,1
ANGLE BOULEVARD C AIN SEBAA,33.6231018,-7.5264418,1
ANGLE BOULEVARD IFNI,33.5843543,-7.5974301,2
ANGLE BOULEVARD MAADAN,33.6339484,-7.5078757,1
ANGLE BOULEVARD MAADAN,33.6340579,-7.507961,1
ANGLE BOULEVARD RAMALLAH,33.533309,-7.6135652,1
ANGLE BOULEVARD RAMALLAH,33.5339624,-7.6127902,1
ANGLE BOULEVARD TAH/ MOHAMED 6,33.5357259,-7.5768084,1
ANGLE BOULEVARD TAH/ MOHAMED6,33.5354271,-7.5769471,1
ANGLE CHEMIN DES PIVOINES,33.588883,-7.5459178,1
ANGLE CHEMIN DES PIVOINES,33.5889976,-7.5456645,1
ANGLE MOHAMED 6/11 JANVIER,33.6974298,-7.3659053,1
ANGLE MOHAMED 6/11 JANVIER,33.6975845,-7.3660932,1
ANGLE N9 / P3015,33.5109808,-7.4980431,1
ANGLE N9 / P3015,33.5111074,-7.4976191,1
ANGLE N9 / P3016,33.5279644,-7.4946249,1
ANGLE N9 / P3016,33.5281758,-7.4943453,1
ANGLE OUED DAHAB / AL JOULANE,33.5461329,-7.5642261,3
ANGLE OUED DAHAB / AL JOULANE,33.546548,-7.564309,3
ANGLE POMME D'OR,33.5496772,-7.6202126,1
ANGLE POMME D'OR,33.5497442,-7.6201748,1
ANGLE ROUTE N1/P3032,33.5090012,-7.7052258,1
ANGLE ROUTE N1/P3032,33.5091559,-7.705337,1
ANGLE RUE BEN LARBI,33.5796537,-7.6541056,4
ANGLE RUE BEN LARBI,33.5799482,-7.6539647,4
ANGLE RUE DE DAX,33.5997947,-7.5892508,2
ANGLE RUE DE DAX,33.5998653,-7.5894541,2
ANGLE RUE DE FLORENCE,33.5835144,-7.6121334,3
ANGLE RUE DE FLORENCE,33.5836691,-7.6124496,3
ANGLE RUE DE LA VICTOIRE,33.6013894,-7.5854076,2
ANGLE RUE DE LA VICTOIRE,33.6014214,-7.5857246,2
ANGLE RUE ENNAKHIL,33.5533734,-7.6440311,1
ANGLE RUE ENNAKHIL,33.5537971,-7.6442827,3
ANGLE RUE MAAMOURA,33.6055398,-7.5753694,2
ANGLE RUE MAAMOURA,33.6056308,-7.5755087,2
ANGLE RUE RIF,33.69908,-7.3930102,1
ANGLE RUE RIF,33.6991315,-7.3928389,1
ANGLE RUE SOURZAC,33.5982838,-7.5811946,3
ANGLE RUE SOURZAC,33.598417,-7.5810389,3
ANGLE RUE TAMASKIN,33.575195,-7.6625465,9
ANGLE RUE TIZNIT,33.6849187,-7.4027866,4
ANGLE RUE TIZNIT,33.6850654,-7.4029545,4
ANNEXE FARAH SALAM,33.5400886,-7.6911385,1
ANNEXE FARAH SALAM,33.5403764,-7.6910331,1
AQUAPARC,33.523139,-7.786701,1
AQUAPARC A,33.5232851,-7.7859922,1
ARCHIVE I,33.5128886,-7.6560616,2
ARCHIVE I,33.5129808,-7.6559127,2
ARRET BATA,33.5851989,-7.5775811,4
ARRET BATA,33.5854247,-7.5774358,4
ARRET BEAULIEU,33.6043334,-7.5391144,2
ARRET BEAULIEU,33.6044819,-7.5391423,2
ARRET BENJDIA,33.5848494,-7.607089,3
ARRET BRADAA,33.6999384,-7.3706684,2
ARRET CARDO,33.4246475,-7.5242319,1
ARRET CARDO,33.4247354,-7.5244813,1
ARRET CASCADE 1,33.6434423,-7.408283,1
ARRET CASCADE 1,33.6435856,-7.4082326,1
ARRET CHAABI 1,33.3717377,-7.5445776,1
ARRET CHAABI 1,33.3720414,-7.5446699,1
ARRET CHTAIBA,33.5653837,-7.5713302,2
ARRET CMC,33.5877965,-7.6274868,1
ARRET CMC,33.5891961,-7.6263578,1
ARRET EL BIR,33.3924805,-7.6021358,1
ARRET EL BIR,33.3927848,-7.6019622,1
ARRET HASSAN II,33.5840432,-7.6229782,3
ARRET ISCAE,33.5267629,-7.6357358,1
ARRET KM15,33.6323361,-7.4710648,1
ARRET KM15,33.6323842,-7.4701854,1
ARRET KOREA,33.562237,-7.5957754,2
ARRET KOREA,33.562522,-7.5959144,2
ARRET L'AUBERGE 1,33.6513067,-7.4764008,1
ARRET LAARJA,33.6597636,-7.4387558,1
ARRET LAARJA,33.6597905,-7.4385438,2
ARRET LAMJADBA 1,33.6141716,-7.3607349,1
ARRET LAMJADBA 1,33.6142742,-7.3608175,1
ARRET LFARFARA,33.5431753,-7.7105022,2
ARRET MDAKRA,33.5815778,-7.5625152,2
ARRET MDAKRA,33.581752,-7.5626418,2
ARRET METRO,33.5383836,-7.6432085,4
ARRET PALMERIE 1,33.4864267,-7.6006278,1
ARRET PALMERIE 1,33.4866656,-7.6005762,1
ARRET PERLA,33.3924387,-7.5607912,1
ARRET PERLA,33.3926478,-7.5608886,1
ARRET RACHAD,33.5664447,-7.6094476,9
ARRET TADLA,33.6890681,-7.3921067,1
ARRET TADLA,33.6891901,-7.3917918,1
ARRET TAJ 1,33.386139,-7.5584008,1
ARRET TAJ 1,33.3863195,-7.5584764,1
ARRET TIKIOUIN,33.5780836,-7.5532574,1
ARRET TIYANA 1,33.4440278,-7.5196488,1
ARRET TIYANA 1,33.4440931,-7.5197668,1
ARRONDISSEMENT GHANDI,33.5754049,-7.6518549,5
ARRONDISSEMENT GHANDI,33.5755971,-7.6517976,5
ARRONDISSEMENT LAYMOUNE,33.5377127,-7.6685707,2
ARRONDISSEMENT LAYMOUNE,33.5379741,-7.6680424,2
ARRONDISSEMENT SALAM II,33.5847692,-7.4801216,1
ARRONDISSEMENT SALAM II,33.584964,-7.4800219,1
ASSOCIATION BAYTI,33.6198302,-7.4908789,1
ASSOCIATION BAYTI,33.6199373,-7.4912112,1
ATLANTA SPORT,33.5395966,-7.6815078,2
ATLANTA SPORT,33.5396556,-7.6815601,2
AUDA ANFA,33.561412,-7.6699889,1
AUTOROUTE A7,33.4820217,-7.6290212,1
AUTOROUTE A7,33.4823908,-7.6288971,1
AV 10 MARS,33.5553673,-7.5571919,1
AV 10 MARS,33.5556457,-7.5571008,1
AVENUE 6 NOVEMBRE 1975,33.5517038,-7.5871518,3
AVENUE 6 NOVEMBRE 1975,33.552,-7.5871501,3
AVENUE ABOU BAKR EL KADIRI,33.5275316,-7.6494821,2
AVENUE ABOU BAKR EL KADIRI,33.5276486,-7.6495337,2
AVENUE DES FAR,33.5968,-7.6131341,9
AVENUE HACHMI FILALI,33.5243622,-7.6166775,1
AVENUE HACHMI FILALI,33.5244883,-7.6170041,1
AVENUE JOUDAR,33.5613308,-7.5256587,1
AVENUE JOUDAR,33.5614555,-7.5254649,1
AVENUE MOHAMED BOUZIANE,33.5638023,-7.5566218,3
AVENUE MOHAMED BOUZIANE,33.5640166,-7.5567719,3
AVENUE PASTEUR,33.5959919,-7.6019597,5
AVENUE PASTEUR,33.596227,-7.6024877,5
AVENUE REDA GUEDIRA,33.5554079,-7.5737148,3
AVENUE REDA GUEDIRA,33.5555999,-7.5735893,3
AVENUE TADDART,33.539733,-7.6179093,1
AVENUE TADDART,33.5404795,-7.6183981,1
AZBANE 1,33.5364803,-7.6651715,4
AZBANE 1,33.5369043,-7.6652872,4
AZHAR OULFA,33.543774,-7.6871301,2
AZHAR OULFA,33.5438084,-7.6872103,2
BAB AL BAIDA,33.4763793,-7.6609219,1
BAB AL BAIDA,33.4765031,-7.6607878,1
BACHAOUIA BOUSKOURA,33.4710004,-7.6381359,3
BACHAOUIA BOUSKOURA,33.4714095,-7.6386802,3
BACHAOUIAT AL AZHAR,33.5989671,-7.4890832,1
BACHAOUIAT AL AZHAR,33.5990324,-7.4890597,1
BASATINE AL FIRDAOUS,33.6677546,-7.3589731,1
BASATINE AL FIRDAOUS,33.6679254,-7.358937,1
BASATINE AL GHOFRANE,33.5230467,-7.5218971,1
BASATINE AL GHOFRANE,33.5231304,-7.5219641,1
BASSATINE AL OULFA,33.5502292,-7.6975482,1
BASSATINE AL OULFA,33.5504451,-7.6974182,1
BAYTI SAKAN 1,33.6852774,-7.3420886,1
BAYTI SAKAN 1,33.6854493,-7.34206,1
BD HASSAN 2 MOHAMMEDIA 01,33.6915899,-7.3944385,5
BD HASSAN 2 MOHAMMEDIA 01,33.691887,-7.3935357,5
BD HASSAN 2 MOHAMMEDIA 03,33.6875746,-7.3992663,4
BD HASSAN 2 MOHAMMEDIA 03,33.6877478,-7.3994753,4
BEAUSEJOUR,33.5644544,-7.6462215,2
BEAUSEJOUR,33.5649259,-7.6465435,2
BEN HAMOU,33.4581684,-7.5167536,1
BEN HAMOU,33.4583632,-7.517086,1
BENI MGUILD,33.5711141,-7.604315,1
BENJDIA,33.5850407,-7.6071721,3
BLOC 33 LALLA MERIEM,33.5603039,-7.5527721,5
BLOC 33 LALLA MERIEM,33.5604242,-7.55285,5
BNI YAKHLEF,33.6642642,-7.3409352,1
BNI YAKHLEF 2,33.6611444,-7.3425011,1
BOULEVARD 9 AVRIL,33.5822638,-7.6283015,1
BOULEVARD 9 AVRIL,33.5826329,-7.6293945,1
BOULEVARD ABDELHADI BOUTALEB,33.5759089,-7.6766599,1
BOULEVARD ABDELHADI BOUTALEB,33.576106,-7.6767584,1
BOULEVARD ABDELMOUMEN,33.5791825,-7.6253022,4
BOULEVARD ABDELMOUMEN,33.5801957,-7.6246118,4
BOULEVARD ABDELMOUMEN 2,33.57808,-7.625376,2
BOULEVARD ABDERRAHIM BOUABID,33.5624467,-7.6430536,2
BOULEVARD ABDERRAHIM BOUABID,33.5627332,-7.6431092,2
BOULEVARD ABOU HOURAIRA,33.5616926,-7.5723052,2
BOULEVARD ABOU HOURAIRA,33.5622784,-7.5720777,2
BOULEVARD ABOU HOURAIRA 2,33.5635313,-7.5694865,1
BOULEVARD ABOU HOURAIRA 2,33.5636387,-7.5699047,1
BOULEVARD AFGHANISTAN,33.5714553,-7.6760542,2
BOULEVARD AFGHANISTAN,33.5715249,-7.6761522,4
BOULEVARD AHL LOGHLAM,33.5998593,-7.5039061,1
BOULEVARD AHL LOGHLAM,33.5999361,-7.5036112,1
BOULEVARD AHL LOGHLAM AZHAR,33.5976286,-7.4895152,1
BOULEVARD AHL LOGHLAM AZHAR,33.5978498,-7.4896762,1
BOULEVARD AHL LOGHLAM SAKANI,33.5977868,-7.4841833,1
BOULEVARD AHL LOGHLAM SAKANI,33.5979758,-7.4842773,1
BOULEVARD AHMED MEKOUR,33.6148624,-7.536792,1
BOULEVARD AL MAGHRIB AL ARABI,33.599285,-7.4848433,1
BOULEVARD AL MAGHRIB AL ARABI,33.6000534,-7.4841168,1
BOULEVARD AL QODS,33.5416111,-7.5912846,3
BOULEVARD AL QODS,33.5418088,-7.5916049,3
BOULEVARD AMGALA,33.5403694,-7.5791858,3
BOULEVARD AMGALA,33.5405456,-7.5788651,3
BOULEVARD ANOUAL,33.5694941,-7.6273362,4
BOULEVARD ANOUAL,33.5696488,-7.6274462,4
BOULEVARD BEN BARKA,33.6036367,-7.6518743,1
BOULEVARD BEN BARKA,33.6039197,-7.6518181,1
BOULEVARD BORDEAUX,33.5978985,-7.629616,5
BOULEVARD BORDEAUX,33.5979329,-7.6295243,3
BOULEVARD BOUALAM,33.5612922,-7.5366381,1
BOULEVARD BOUALAM,33.5614767,-7.5366909,1
BOULEVARD CHEFCHAOUNI,33.6278613,-7.5004473,1
BOULEVARD CHEFCHAOUNI,33.6280504,-7.5006558,1
BOULEVARD DAKHLA,33.5333599,-7.6008409,1
BOULEVARD DAKHLA,33.5334035,-7.6007831,1
BOULEVARD DAKHLA 2,33.5435848,-7.5766643,1
BOULEVARD DAKHLA 2,33.5438997,-7.5771133,1
BOULEVARD DE BOURGOGNE,33.594989,-7.6506401,1
BOULEVARD DE BOURGOGNE,33.595104,-7.6507187,1
BOULEVARD DE BOUSKOURA,33.5573617,-7.6490748,2
BOULEVARD DE GAZA,33.5686404,-7.5841472,3
BOULEVARD DE GAZA,33.5687263,-7.5844412,3
BOULEVARD DE LA MECQUE,33.5459553,-7.6316059,4
BOULEVARD DE LA MECQUE,33.5460168,-7.6317456,4
BOULEVARD DE LA RESISTANCE,33.589095,-7.603987,1
BOULEVARD DE LA RESISTANCE,33.589307,-7.6037109,1
BOULEVARD DE MAKRO,33.5948647,-7.5283457,1
BOULEVARD DE MAKRO,33.5950939,-7.5285079,1
BOULEVARD DE RIYAD,33.6731158,-7.3937608,1
BOULEVARD DE RIYAD,33.6732224,-7.3939688,1
BOULEVARD DE TEMARA,33.5497357,-7.5992452,1
BOULEVARD DES FACULTES,33.5420832,-7.6773194,2
BOULEVARD DES FACULTES,33.5421575,-7.677345,2
BOULEVARD DRISS EL HARTI,33.5481079,-7.5729583,3
BOULEVARD DRISS EL HARTI,33.5484006,-7.5728134,3
BOULEVARD DU NIL,33.5582412,-7.5690515,4
BOULEVARD DU NIL,33.5583008,-7.5691203,4
BOULEVARD EL HARTI,33.5437476,-7.5803351,2
BOULEVARD EL HARTI,33.5439922,-7.5803179,3
BOULEVARD EL YAZIDI,33.6013242,-7.5156324,1
BOULEVARD EL YAZIDI,33.6014639,-7.5155373,1
BOULEVARD FATIMA ZAROUAL,33.523815,-7.5966492,1
BOULEVARD FATIMA ZAROUAL,33.523858,-7.596683,1
BOULEVARD FOUARATE,33.5761307,-7.5688842,2
BOULEVARD FOUARATE,33.5762321,-7.5689312,2
BOULEVARD HAJ FATEH,33.5386461,-7.6797808,1
BOULEVARD HAJ FATEH,33.5388552,-7.6793258,1
BOULEVARD HAJ FATEH 2,33.5511417,-7.6892307,2
BOULEVARD HAJ FATEH OULFA,33.5492147,-7.6880671,2
BOULEVARD HAJ FATEH OULFA,33.5492506,-7.6882523,1
BOULEVARD HASSAN 1,33.593459,-7.6229835,1
BOULEVARD HASSAN 2 MOHAMMEDIA 2,33.6899476,-7.3961484,2
BOULEVARD HASSAN 2 MOHAMMEDIA 2,33.6900975,-7.3963554,2
BOULEVARD HASSAN EL ALLAOUI,33.5797747,-7.5865714,1
BOULEVARD HASSAN EL ALLAOUI,33.5798188,-7.5866046,1
BOULEVARD HOUCINE SOUSSI,33.5839384,-7.5293301,3
BOULEVARD HOUCINE SOUSSI,33.5840335,-7.529318,3
BOULEVARD IBN TACHFINE,33.5847176,-7.5734982,4
BOULEVARD IBN TACHFINE,33.5848631,-7.5733309,4
BOULEVARD IBNOU SINA,33.5717944,-7.6684743,7
BOULEVARD IBNOU SINA,33.5720835,-7.6682189,7
BOULEVARD IBNOU SINA N43,33.5753223,-7.6620226,9
BOULEVARD IMAM ALI,33.597663,-7.5202229,3
BOULEVARD IMAM ALI,33.5978578,-7.5200974,5
BOULEVARD L'OCEAN ATLANTIQUE,33.5872175,-7.6851111,1
BOULEVARD L'OCEAN ATLANTIQUE,33.5873755,-7.6846004,1
BOULEVARD LA RESISTENCE MO,33.6811962,-7.4056308,1
BOULEVARD LA RESISTENCE MO,33.6814501,-7.4053168,1
BOULEVARD LALA ASMA,33.5769082,-7.5407801,1
BOULEVARD LALA ASMA,33.5770497,-7.5405938,2
BOULEVARD MOHAMED SIJILMASSI,33.5879405,-7.6396307,1
BOULEVARD MOHAMED SIJILMASSI,33.5888764,-7.6398817,1
BOULEVARD MOHAMED V MO,33.7026873,-7.3942593,1
BOULEVARD MOHAMED V MO,33.7029532,-7.3945509,1
BOULEVARD MOULAY SLIMAN,33.6114329,-7.5611613,1
BOULEVARD MOULAY SLIMAN,33.611532,-7.5611562,1
BOULEVARD MOULAY SMAIL,33.5984194,-7.575913,3
BOULEVARD MOULAY SMAIL,33.5985702,-7.5758912,3
BOULEVARD NAKHIL,33.55242,-7.4828403,3
BOULEVARD NAKHIL,33.553202,-7.4818376,3
BOULEVARD NASSIBA BENT KAAB,33.5775241,-7.5463532,2
BOULEVARD NASSIBA BENT KAAB,33.5776673,-7.5465062,2
BOULEVARD OQBA,33.5795429,-7.5593013,1
BOULEVARD OQBA,33.5797214,-7.559211,2
BOULEVARD OUED BEHT,33.5585122,-7.6776259,1
BOULEVARD OUED DAHAB,33.5435563,-7.5689226,3
BOULEVARD OUED DAHAB,33.5435643,-7.5685393,3
BOULEVARD OUED DRAA,33.556112,-7.6847433,2
BOULEVARD OUED DRAA,33.5563899,-7.6845837,2
BOULEVARD OUED EDAOURA 1,33.5425765,-7.6778218,2
BOULEVARD OUED EDAOURA 1,33.542588,-7.6779198,2
BOULEVARD OUED LAOU,33.5603274,-7.6752383,2
BOULEVARD OUED LAOU,33.5605571,-7.6751773,2
BOULEVARD OUED TENSIFT,33.5525804,-7.6845192,3
BOULEVARD OUED TENSIFT,33.5529075,-7.6846639,2
BOULEVARD PALESTINE,33.6861517,-7.3747936,1
BOULEVARD PALESTINE,33.686303,-7.3747002,1
BOULEVARD RACHIDI,33.5909199,-7.6219522,5
BOULEVARD ROUDANI,33.5847257,-7.6305928,1
BOULEVARD ROUDANI,33.584783,-7.6303535,1
BOULEVARD SMARA,33.537228,-7.5886952,2
BOULEVARD SMARA,33.5374605,-7.5886257,2
BOULEVARD SOUR JDID,33.6050261,-7.6210778,1
BOULEVARD SOUR JDID,33.6052352,-7.6207587,1
BOULEVARD TAH,33.5341683,-7.5799083,1
BOULEVARD TAH,33.5348302,-7.5788909,1
BOULEVARD TARIK IBNOU ZIAD,33.5768411,-7.616815,1
BOULEVARD TAZA,33.5443832,-7.5947479,2
BOULEVARD TAZA,33.5450965,-7.5946819,2
BOULEVARD ZERKTOUNI,33.5915415,-7.6362428,3
BOULEVARD ZERKTOUNI,33.5916527,-7.6365855,3
BOULEVARS ABDELKRIM KHATTABI,33.5808788,-7.6647263,1
BOULEVARS ABDELKRIM KHATTABI,33.5809733,-7.6647647,1
BOUSKOURA CENTRE,33.4376279,-7.6422217,1
BOUSKOURA CENTRE,33.4376279,-7.6419839,1
BOUZIANE,33.5699852,-7.5434502,1
BOUZIANE,33.5704918,-7.5437363,1
BRADAA,33.6999222,-7.3704099,2
BRAHMA 3,33.628949,-7.4515004,1
BRAHMA 3,33.6289786,-7.4512517,1
BRAHMA II,33.6218854,-7.4463411,1
BRAHMA II,33.6220171,-7.4463142,1
CARIERRE CENTRALE,33.5920627,-7.5665813,2
CARIERRE CENTRALE,33.5922434,-7.5664171,2
CARRIERE ARAIB,33.5818127,-7.5338049,3
CARRIERE ARAIB,33.5818442,-7.5338862,3
CARRIERE BEN ABID,33.4998992,-7.8746248,1
CARRIERE BEN ABID,33.5005558,-7.8743263,1
CARRIERE BEN M'SIK,33.5579318,-7.5794702,1
CARRIERE BENMSICK,33.5574946,-7.5791201,1
CARRIERE RHAMNA,33.5900003,-7.5189355,4
CARRIERE RHAMNA,33.5902896,-7.5189234,4
CARRIERE SCHNEIDER,33.5644967,-7.6678834,4
CARRIERE SCHNEIDER,33.565191,-7.6679128,2
CASERNE AIN BORJA,33.5867516,-7.5910136,3
CASERNE AIN BORJA,33.5869235,-7.5908864,3
CASERNE DEROUA,33.40847,-7.5335012,1
CASERNE DEROUA,33.4084872,-7.5333368,1
CASERNE MLY YOUSSEF,33.6176483,-7.4584231,2
CASERNE MLY YOUSSEF,33.6177314,-7.4585818,2
CASERNE NOUACEUR,33.3984834,-7.579771,1
CASERNE NOUACEUR,33.39872,-7.5797309,1
CENTRE COMMERCIAL EMILE ZOLA,33.5935832,-7.5971317,4
CENTRE COMMERCIAL EMILE ZOLA,33.5936629,-7.5968561,4
CENTRE CULTUREL,33.5257386,-7.6506231,4
CENTRE CULTUREL,33.5263108,-7.6503367,4
CENTRE D'HEMODIALYSE 2 MARS,33.5522188,-7.6035315,3
CENTRE D'HEMODIALYSE 2 MARS,33.5522818,-7.6033753,3
CENTRE DE L'ADDICTOLOGIE,33.5763103,-7.61886,2
CENTRE DE L'ADDICTOLOGIE,33.5763793,-7.6190346,2
CENTRE DE MAINTENANCE TRAMWAY,33.5770256,-7.5169576,1
CENTRE DE MAINTENANCE TRAMWAY,33.5770801,-7.5172149,1
CENTRE DE SANTE OUHOUDE,33.5973188,-7.6457243,2
CENTRE DE SANTE OUHOUDE,33.5974604,-7.6457984,2
CENTRE DE SANTE RIAD,33.6844925,-7.3839128,1
CENTRE DE SANTE RIAD,33.6845807,-7.384319,1
CENTRE DE SANTE VECTORIA,33.4242092,-7.6740896,1
CENTRE DE SANTE VECTORIA,33.4244957,-7.673983,1
CENTRE DPK (ALSA),33.5739317,-7.574859,2
CENTRE DPK (ALSA),33.5739861,-7.574835,2
CENTRE EMERGENT,33.4527145,-7.5000875,1
CENTRE EMERGENT,33.4527638,-7.4998937,1
CENTRE FEMININ,33.5618109,-7.6019884,3
CENTRE FEMININ,33.5620128,-7.6018954,5
CENTRE NOUR,33.4781818,-7.6378752,3
CENTRE NOUR,33.4781875,-7.6375979,3
CENTRE OFPPT ESSAFA,33.5521158,-7.6926823,1
CENTRE OFPPT ESSAFA,33.5522695,-7.6927674,1
CENTRE SIDI MOUMEN,33.5802886,-7.5436809,1
CENTRE SIDI MOUMEN,33.5803144,-7.5438087,1
CHARCOMEM,33.505615,-7.5006283,1
CHARCOMEM,33.5057124,-7.5002032,1
CHATEAU EL QODS,33.6087084,-7.5011458,1
CHATEAU EL QODS,33.6088862,-7.5010878,1
CHATEAU MEDIOUNA,33.4577168,-7.522435,2
CHATEAU MEDIOUNA,33.4577673,-7.5219641,2
CHEFCHAOUNI,33.6211044,-7.511161,1
CHEFCHAOUNI,33.6213926,-7.5110487,1
CHELLAL,33.6218338,-7.4517229,1
CHELLAL,33.6219581,-7.4513093,1
CHICHANE,33.5402044,-7.5412847,3
CHICHANE 1,33.5401323,-7.5409674,3
CHTAIBA,33.5656633,-7.5709881,2
CIMETIERE SBATA,33.5467914,-7.5641594,3
CIMETIERE SBATA,33.5477519,-7.5658375,3
CIMETIERE SIDI MOUMEN,33.5779624,-7.5192621,1
CIMETIERE SIDI MOUMEN,33.5779888,-7.519152,1
CINEMA EL FALAH,33.5591029,-7.5506172,2
CINEMA EL FALAH,33.5593126,-7.5503599,4
CINEMA EL OTHMANIA,33.5602741,-7.5746348,2
CINEMA EL OTHMANIA,33.560583,-7.5748833,2
CINEMA MEGARAMA,33.5948645,-7.6698791,1
CINEMA MEGARAMA,33.5950143,-7.6698841,1
CINEMA SAHRA,33.5510217,-7.5991279,6
CINEMA SAHRA,33.5511678,-7.5991587,5
CINEMA VERDIN,33.5959555,-7.6259701,5
CINEMA VERDIN,33.5960194,-7.6258733,3
CITE CHEMINOT,33.5994446,-7.5684221,2
CITE CHEMINOT,33.5995912,-7.5683724,2
CITE DE POLICE (BERNOUSSI),33.6030637,-7.519548,6
CITE DE POLICE (BERNOUSSI),33.6031067,-7.5197978,6
CITE DE POLICE IBN SINA,33.5661529,-7.6811608,1
CITE DE POLICE IBN SINA,33.5664506,-7.6807016,1
CITE DES MÉTIERS,33.3999091,-7.5553609,1
CITE DES MÉTIERS,33.400012,-7.5549853,1
CITE PLATEAU,33.5680984,-7.6367602,2
CITE PLATEAU,33.5681992,-7.6365098,2
CITY AIN SEBAA,33.5988593,-7.5393339,1
CITY AIN SEBAA,33.5991378,-7.5394253,1
CLINIQUE ABBADI,33.5689211,-7.6611614,2
CLINIQUE ABBADI,33.5690758,-7.6610399,2
CLINIQUE ABDELMOUMEN,33.5652809,-7.6265452,2
CLINIQUE ABDELMOUMEN,33.5655544,-7.6268366,2
CLINIQUE AIN CHOC,33.5493122,-7.6022183,3
CLINIQUE AIN CHOC,33.549346,-7.6023581,3
CLINIQUE ANDALOUS,33.5965378,-7.6546595,1
CLINIQUE ANDALOUS,33.5966526,-7.6549001,1
CLINIQUE BEN SOUDA,33.5859288,-7.6526718,1
CLINIQUE BEN SOUDA 2,33.5854813,-7.6539031,1
CLINIQUE CIL,33.5673054,-7.6582112,2
CLINIQUE DAR SALAM,33.5619383,-7.6193105,5
CLINIQUE DAR SALAM,33.5620938,-7.6196253,6
CLINIQUE DENTAIRE,33.5872472,-7.6473789,1
CLINIQUE DENTAIRE,33.5874653,-7.6471967,1
CLINIQUE FDALA,33.6963492,-7.3918202,1
CLINIQUE FDALA,33.6964558,-7.3916999,1
CLINIQUE NORMANDIE,33.5839378,-7.6495485,3
CLINIQUE NORMANDIE,33.5839906,-7.6505335,4
CLINIQUE RIVIERA,33.5673532,-7.6407915,4
CLINIQUE RIVIERA,33.5675158,-7.6407146,4
CLINIQUE SARA,33.570035,-7.6668932,2
CLINIQUE SARA,33.5703936,-7.6668376,2
CLINIQUE SIDI OTHMANE,33.5608109,-7.561371,1
CLINIQUE SIDI OTHMANE,33.5609628,-7.5615314,3
CLUB ESSAKHI,33.6258411,-7.330614,1
CLUB ESSAKHI,33.625923,-7.3304501,1
CNSS DAR LAMANE,33.5936466,-7.5574531,2
CNSS DAR LAMANE,33.5937073,-7.5574222,2
COLIS POSTAUX,33.5961954,-7.6055365,10
COLIS POSTAUX,33.596358,-7.604904,3
COLLEGE BNO TOUMART,33.5679208,-7.5486216,1
COLLEGE BNO TOUMART,33.5682279,-7.5486399,1
COLLEGE BOUSKOURA,33.446694,-7.6477624,2
COLLEGE BOUSKOURA,33.4467078,-7.6481355,2
COLLEGE EL HASSAN ELYOUSSI,33.5554658,-7.5354573,1
COLLEGE IBNO ABBAD,33.545779,-7.6864119,2
COLLEGE IBNO ABBAD 2,33.5454707,-7.6860611,2
COLLEGE IDRISS I,33.4552635,-7.6417742,2
COLLEGE IDRISS I,33.4552979,-7.6414568,2
COLLEGE MOULOUYA,33.5586861,-7.6896532,2
COLLEGE TABARI,33.5267329,-7.661259,1
COLLEGE TABARI,33.5268087,-7.6614828,1
COLLEGE YAAKOUB EL MANSOUR,33.681324,-7.3878983,1
COLLEGE YAAKOUB EL MANSOUR,33.6815532,-7.3882633,1
COLLEGE ZINEB NEFZAOUIA,33.5633581,-7.5876302,2
COLLEGE ZINEB NEFZAOUIA,33.5635879,-7.5875013,2
COMMISARIAT LAHRAOUIYINE,33.5520303,-7.5321628,1
COMMISARIAT LAHRAOUIYINE,33.5521507,-7.5320763,2
COMMISSARIAT AL AZHAR,33.6023074,-7.491532,1
COMMISSARIAT AL AZHAR,33.6023962,-7.4913573,1
COMMISSARIAT NASSIM,33.5215389,-7.6571496,1
COMMISSARIAT NASSIM,33.5215749,-7.6570358,1
COMMISSARIAT RIAD AL OULFA,33.5588748,-7.6929197,1
COMMISSARIAT RIAD AL OULFA,33.5590058,-7.6930908,3
COMMISSARIAT SIDI MAAROUF,33.5198146,-7.6523884,3
COMMISSARIAT SIDI MAAROUF,33.5210583,-7.652281,3
COMMUNE DAR BOUAAZZA,33.5129604,-7.8196598,1
COMMUNE DAR BOUAAZZA,33.5132182,-7.8198942,1
COMPLEXE  MOHAMED V 2,33.5814363,-7.6478585,1
COMPLEXE CULTUREL,33.6335393,-7.4607361,1
COMPLEXE CULTUREL,33.6338373,-7.460951,1
COMPLEXE EDUCATIF HASSAN II,33.5586313,-7.5876816,2
COMPLEXE EDUCATIF HASSAN II,33.5589185,-7.5874869,2
COMPLEXE KAMAL ZEBDI,33.5566581,-7.5717186,4
COMPLEXE KAMAL ZEBDI,33.5567022,-7.5717794,3
COMPLEXE MOHAMED V,33.5812874,-7.647993,3
CONSULAT D'ESPAGNE,33.5914556,-7.624951,1
CONSULAT DE LA RUSSIE,33.5781466,-7.6299943,1
CONSULAT DE LA RUSSIE,33.5781927,-7.6306317,1
COUR D'APPEL,33.5951526,-7.6033862,5
COUR D'APPEL,33.5953133,-7.6035963,5
CRECHE JEUNE AGE,33.5449577,-7.6730517,2
DAR 16,33.5018049,-7.7180841,1
DAR 16,33.5018937,-7.7181999,1
DAR BOUAAZZA,33.5078037,-7.83333,1
DAR BOUAAZZA,33.5078741,-7.8341831,1
DAR DAW,33.6577984,-7.3481138,1
DAR DAW,33.657984,-7.348084,1
DAR LAMANE,33.5939819,-7.5542199,2
DAR LAMANE,33.5941456,-7.5545086,2
DAR LKBIRA,33.5035467,-7.8455581,1
DAR LKBIRA,33.5037529,-7.8458509,1
DAR LMIMA,33.5319405,-7.5304373,1
DAR LMIMA,33.5321987,-7.5305651,3
DAR LMOAMIN,33.5896346,-7.6026095,5
DAR LMOAMIN,33.5897081,-7.603056,5
DAR LMOHAMI,33.5910209,-7.6038211,3
DAR LMOHAMI,33.5925128,-7.6035737,3
DAR NESSRANIA,33.5074634,-7.6316512,2
DAR NESSRANIA,33.5074909,-7.6319073,2
DAR TALIBA,33.5627046,-7.561642,1
DAR TALIBA,33.5629295,-7.5617339,1
DAR TOUZANI,33.5518052,-7.5895193,1
DAR TOUZANI,33.5518871,-7.5900332,1
DAR ZWAQ,33.5174833,-7.8002698,1
DAR ZWAQ,33.5177732,-7.8008691,1
DERB BOUCHENTOUF,33.5675247,-7.6054216,7
DERB BOUCHENTOUF,33.5684962,-7.6042223,7
DERB CHABAB C,33.6900822,-7.3831846,1
DERB CHABAB C,33.6901166,-7.382929,1
DERB FOUKARA,33.5664851,-7.6071332,6
DERB FOUKARA,33.5666457,-7.6072343,6
DERB JAMILA,33.5710067,-7.6842854,1
DERB KABIR,33.572026,-7.5960466,7
DERB KABIR,33.5723447,-7.5953443,7
DERB LAHJAR,33.5504277,-7.5692019,3
DERB LAHJAR,33.5506234,-7.5691844,3
DERB LOUBILA,33.6044778,-7.6368941,1
DERB LOUBILA,33.6047119,-7.6368977,1
DERB MARRAKECH,33.6855868,-7.3949308,1
DERB MARRAKECH,33.6856498,-7.3946861,1
DERB MILA,33.5707689,-7.5810149,3
DERB MILA,33.5709208,-7.5811575,3
DERB MILAN,33.5707008,-7.5792204,2
DERB MILAN,33.5709265,-7.5790238,3
DERB MOULAY CHRIF,33.5931401,-7.5695036,1
DERB MOULAY CHRIF,33.5938757,-7.5694973,1
DIRECTION  T. REGIONALE CASA,33.5417001,-7.6886425,1
DIRECTION  T. REGIONALE CASA,33.5419119,-7.6889481,1
DOUAR AL MOUMNATE,33.5039544,-7.5436969,2
DOUAR AL MOUMNATE,33.5040165,-7.543418,2
DOUAR CHRIF,33.6716445,-7.40663,2
DOUAR CHRIF,33.6716714,-7.4071239,2
DOUAR EL WAHDA,33.6770979,-7.4110458,2
DOUAR EL WAHDA,33.6772388,-7.4104986,2
DOUAR FOUKRA,33.4903709,-7.7323347,1
DOUAR FOUKRA,33.4904832,-7.7324321,1
DOUAR KHOUADRA,33.5405983,-7.6314389,4
DOUAR KHOUADRA,33.5407603,-7.6314942,4
DOUAR KROUTA,33.4351046,-7.6646129,2
DOUAR KROUTA,33.4351813,-7.6642708,2
DOUAR LAATOUR,33.5330391,-7.6378884,1
DOUAR LAATOUR,33.5330907,-7.6384906,1
DOUAR LACHHAB,33.6750937,-7.4242084,3
DOUAR LACHHAB,33.6753463,-7.4244209,3
DOUAR LAHFAYA,33.5172862,-7.5557681,2
DOUAR LAHFAYA,33.5175669,-7.5556174,2
DOUAR LGOUISSEM,33.5004321,-7.6728273,1
DOUAR LGOUISSEM,33.5005329,-7.6726881,1
DOUAR LHAJ LAMLIH,33.665869,-7.4469622,1
DOUAR LHAJ LAMLIH,33.6660833,-7.4471381,1
DOUAR MAATAH,33.4776736,-7.7555751,1
DOUAR MAATAH,33.4778512,-7.7555332,1
DOUAR MZAB,33.511379,-7.5477163,2
DOUAR OULD LHAJ JILALI,33.498806,-7.8792961,1
DOUAR OULD LHAJ JILALI,33.4989429,-7.8798771,1
DOUAR OULED BOUAZIZ,33.5429318,-7.4388079,1
DOUAR RIFAI,33.4685905,-7.7814114,1
DOUAR RIFAI,33.4687223,-7.7815037,1
DOUAR SEBT,33.4932449,-7.8848893,1
DOUAR SEBT,33.4934168,-7.8852423,1
DOUAR SIDI MASSIF,33.5469654,-7.4501003,1
DRABNA ROUTE DE BOUSKOURA,33.5031026,-7.6307493,2
DRABNA ROUTE DE BOUSKOURA,33.5031513,-7.6305792,2
DREAM VILAGE,33.6138926,-7.3700283,1
DREAM VILAGE,33.6140015,-7.3698988,1
DRISS LAHRIZI VICTORIA,33.4210522,-7.6777892,1
DRISS LAHRIZI VICTORIA,33.4210889,-7.6779863,1
DRISS SLAOUI,33.5936051,-7.6539981,1
DRISSIA 2,33.5648812,-7.5868118,1
DRISSIA 2,33.5650745,-7.5869029,1
DYAR AL AMAL,33.4974813,-7.7242228,1
DYAR AL AMAL,33.4977512,-7.7240154,1
DYAR AL YOUSRA,33.6735044,-7.3518708,1
DYAR AL YOUSRA,33.673686,-7.3524293,1
DYAR EL ALIA,33.6745631,-7.3647073,1
DYAR EL ALIA,33.6745711,-7.3644941,1
DYAR KENZA,33.6708503,-7.353243,1
DYAR KENZA,33.6709609,-7.3534532,1
ECOLE ABDELKRIM EL KHATTABI,33.5656553,-7.5298692,4
ECOLE ABDELKRIM EL KHATTABI,33.5658329,-7.529691,3
ECOLE ABDELLAH HADDAOUI,33.5383596,-7.4248031,1
ECOLE AJIAL SALAM,33.4608751,-7.5160501,1
ECOLE AJIAL SALAM,33.4609759,-7.5163509,1
ECOLE AL AJIAL,33.5574613,-7.6813346,3
ECOLE AL AJIAL,33.5575313,-7.6818349,3
ECOLE BAB ANDALOUS,33.5365955,-7.6062427,1
ECOLE BAB ANDALOUS,33.5367173,-7.6063521,1
ECOLE BELFKIH,33.5292887,-7.5242639,1
ECOLE BELFKIH,33.5294444,-7.5239391,1
ECOLE CAMELIA,33.5407193,-7.6682278,3
ECOLE CAMELIA 1,33.5426184,-7.6674272,3
ECOLE EL AKHAWAIN,33.5615357,-7.5658819,4
ECOLE EL AKHAWAIN,33.5620055,-7.5659787,4
ECOLE EL ANOUAR,33.521551,-7.663065,1
ECOLE EL ANOUAR,33.521564,-7.663355,1
ECOLE EL GHAZOUANI,33.6542374,-7.4698158,1
ECOLE EL GHAZOUANI,33.6546575,-7.4702078,1
ECOLE EL IBRAHIMI,33.5563029,-7.681593,2
ECOLE EL JABRE,33.4894662,-7.6081221,1
ECOLE EL JABRE,33.4895682,-7.6079439,1
ECOLE EL KHALIL,33.5601786,-7.6391448,1
ECOLE EL KHALIL,33.5603039,-7.6400416,2
ECOLE EL KHALIL A,33.561194,-7.6406083,1
ECOLE EL OUADGHIRI,33.5635749,-7.6331289,3
ECOLE EL OUADGHIRI,33.5640104,-7.6342327,4
ECOLE ESSAFA,33.6380326,-7.4175025,1
ECOLE ESSAFA,33.6381742,-7.416745,1
ECOLE GEORGES BIZET,33.5780999,-7.6544549,5
ECOLE GEORGES BIZET,33.5782638,-7.6549064,5
ECOLE GPH,33.68302,-7.3774011,1
ECOLE GPH,33.6833007,-7.3778532,1
ECOLE HASSANIA(EHTP),33.545533,-7.6503256,1
ECOLE IBNO KATIR,33.510342,-7.6568472,2
ECOLE IBNO KATIR,33.5103509,-7.6569844,2
ECOLE KAOUKABI,33.5751406,-7.6800122,1
ECOLE KAOUKABI,33.5753079,-7.6801549,1
ECOLE LA PRAIRIE,33.577874,-7.6569679,9
ECOLE LA PRAIRIE,33.5778906,-7.656719,9
ECOLE LAARBI ELBENNAY,33.5537263,-7.6813283,3
ECOLE LAARBI ELBENNAY,33.5541789,-7.6809851,3
ECOLE LE NID,33.5864342,-7.5867049,3
ECOLE LE NID,33.5865511,-7.586152,3
ECOLE LE PONT,33.5475979,-7.629066,1
ECOLE LE PONT,33.5480861,-7.6277843,1
ECOLE MOULAY ABDELLAH,33.674943,-7.3918511,1
ECOLE MOULAY ABDELLAH,33.6750215,-7.3920391,1
ECOLE NORMALE SUPERIEURE,33.5399106,-7.6594935,2
ECOLE NORMALE SUPERIEURE,33.5399719,-7.6599037,2
ECOLE OULAD HMIMOUN 1,33.6670574,-7.4336083,1
ECOLE OULAD HMIMOUN 1,33.6670975,-7.4333138,2
ECOLE RIAD BOUSKOURA,33.4602769,-7.6410299,2
ECOLE RIAD BOUSKOURA,33.4602883,-7.6408884,2
ECOLE ROYALE DES GENDARMES,33.6267458,-7.4806109,1
ECOLE ROYALE DES GENDARMES,33.6269961,-7.4807902,1
EL AALIA,33.6777808,-7.3921262,1
EL AALIA,33.6779708,-7.3924159,1
EL FATH VICTORIA,33.4235503,-7.6768942,1
EL FATH VICTORIA,33.423599,-7.6770672,1
ESPACE LES PALMIERS,33.5824,-7.6261265,1
ESPACE LES PALMIERS 2,33.5825444,-7.6261416,1
ESSAFA,33.6354771,-7.4208931,1
ESSAFA,33.6356332,-7.4212263,1
ESSAFA 3,33.640182,-7.4135587,1
ESSAFA 3,33.6404891,-7.413859,1
FACULTE AIN CHOC,33.5421927,-7.6012982,3
FACULTE AIN CHOC,33.5422018,-7.6012013,5
FACULTE MEDECINE,33.5759203,-7.6212285,1
FACULTE MEDECINE,33.5759864,-7.6213517,2
FACULTE ROUTE D'EL JADIDA,33.5428745,-7.6536562,2
FACULTE ROUTE D'EL JADIDA,33.5443183,-7.6527354,2
FARRAN LHALWA,33.5472772,-7.546689,2
FARRAN LHALWA,33.5474639,-7.546426,2
FERAILLE DE TIT MELLIL,33.5491426,-7.4618838,1
FERAILLE MEDIOUNA,33.4524617,-7.5190403,1
FERAILLE MEDIOUNA,33.4525964,-7.5189641,1
FIRDAOUS II,33.5608506,-7.6691832,2
FIRDAOUS II,33.5608971,-7.6694292,2
FORCE AUXILIAIRE,33.5967411,-7.5963833,1
FORCE AUXILIAIRE,33.5970534,-7.5963449,1
FORET BOUSKOURA,33.4874809,-7.6343601,2
FORET BOUSKOURA,33.4875382,-7.6337568,2
FORET OULAD SALH,33.4401718,-7.6603833,2
FORET OULAD SALH,33.4402543,-7.6606302,2
FORET RAYAN,33.4035483,-7.5565209,1
FORET RAYAN,33.4037603,-7.5561571,1
FORET VERTE,33.5688271,-7.5336095,3
FORET VERTE,33.5690758,-7.5339538,2
FOUM LAHCEN,33.5914155,-7.569358,1
FOUM LAHCEN 2,33.5915014,-7.569562,1
FOURRIERE BEN M'SIK,33.5655951,-7.5782343,3
FOURRIERE BEN M'SIK,33.5656805,-7.5780217,4
GARE AIN SEBAA,33.6074116,-7.5242159,2
GARE AIN SEBAA,33.6076435,-7.5242599,2
GARE BOUSKOURA,33.4617265,-7.6526753,1
GARE BOUSKOURA,33.4618107,-7.6525412,1
GARE DE CASA VOYAGEURS,33.5896581,-7.5932007,1
GARE DE CASA VOYAGEURS,33.5897482,-7.5930126,1
GARE ONCF DE L'OASIS,33.5548581,-7.6308682,3
GARE ONCF DE L'OASIS,33.5556905,-7.6308004,3
GAREAGE ALLAL,33.5771282,-7.599585,2
GAREAGE ALLAL,33.5771431,-7.599848,2
GENDARMERIE AIN HARROUDA,33.6364385,-7.4493383,2
GENDARMERIE AIN HARROUDA,33.6367651,-7.449356,2
GENDARMERIE MY IDRISS I,33.5720701,-7.6167783,6
GENDARMERIE MY IDRISS I,33.5721641,-7.6170293,6
GENERAL 1,33.6285202,-7.5162431,1
GENERAL 1,33.6286377,-7.5163096,1
GRANDE POSTE,33.593115,-7.6191029,5
GRANDE ZENATA,33.6484626,-7.4819688,1
GRANDE ZENATA,33.6488316,-7.482057,1
GREEN TOWN,33.4825363,-7.5908663,1
GREEN TOWN,33.4827007,-7.5907701,1
GROUPE 3 MOULAY RACHID,33.5652485,-7.5430083,1
GROUPE 3 MOULAY RACHID,33.565323,-7.5429905,1
GROUPE 3 SIDI MOUMEN JDID,33.5790167,-7.5436368,1
GROUPE 3 SIDI MOUMEN JDID,33.5792,-7.5437973,1
GROUPE 4 MOULAY RACHID,33.5675039,-7.5397432,3
GROUPE 4 MOULAY RACHID,33.5679987,-7.539311,2
GROUPE 5 MOULAY RACHID,33.5710525,-7.531599,2
GROUPE 5 MOULAY RACHID,33.5712095,-7.5311303,1
GROUPE 6 MOULAY RACHID,33.5716637,-7.5267949,1
GROUPE SCOLAIRE ALAMJAD,33.543264,-7.6735081,2
GROUPE SCOLAIRE ALAMJAD 2,33.5433414,-7.6734947,1
HAJ FATEH,33.5425293,-7.6842587,2
HAJ FATEH,33.5425403,-7.6844537,2
HAMAM SKOURA,33.5687618,-7.6896535,1
HAMAM SKOURA,33.5688526,-7.6894898,1
HAMMAM EL FAN,33.5516522,-7.5812802,1
HAMMAM LHAJJA,33.5694082,-7.5601667,4
HAMMAM LHAJJA,33.5696946,-7.5599982,3
HAY ADIL,33.5809819,-7.5702421,2
HAY ADIL,33.5810621,-7.5698554,1
HAY BARAKA,33.5730256,-7.5379513,1
HAY BARAKA_2,33.5727404,-7.5377039,1
HAY BIN LMDOUN,33.5571738,-7.6007343,3
HAY BIN LMDOUN,33.557221,-7.6009783,3
HAY BOURNAZIL,33.5699282,-7.5576801,3
HAY BOURNAZIL,33.570045,-7.557827,3
HAY CHIFA,33.5722042,-7.583513,4
HAY CHIFA,33.5724105,-7.5835875,4
HAY CHRIFA,33.5292071,-7.5929628,1
HAY CHRIFA,33.5292782,-7.5927966,1
HAY CHRIFA II,33.5309226,-7.59951,1
HAY CHRIFA II,33.5309913,-7.5995346,1
HAY CHRIFA SANIA,33.535339,-7.6089639,1
HAY CHRIFA SANIA,33.535677,-7.6086742,1
HAY DAKHLA,33.5724767,-7.6079444,1
HAY EL BARAKA,33.5706973,-7.5348193,2
HAY EL BARAKA,33.5708205,-7.5346013,3
HAY EL BARAKA GH6,33.5679837,-7.6839145,5
HAY EL HANA,33.5724507,-7.6695248,4
HAY EL HANA,33.5726877,-7.6699996,4
HAY EL MASSIRA,33.5630025,-7.5480658,5
HAY EL MASSIRA,33.5633176,-7.5482262,4
HAY EL WAHDA,33.5438686,-7.5432782,2
HAY EL WAHDA,33.5439287,-7.543599,2
HAY EL WAHDA MO,33.6822121,-7.3828964,1
HAY EL WAHDA MO 2,33.6820349,-7.3825221,1
HAY ENNASR 2,33.5321716,-7.5704627,2
HAY ENNASR 2,33.5326243,-7.5705509,2
HAY ENNOUR,33.5520785,-7.5529365,1
HAY ENNOUR,33.5522114,-7.5526896,1
HAY HAKAM,33.5870839,-7.5954293,2
HAY HAKAM,33.587273,-7.5950833,2
HAY INARA 2,33.541664,-7.5936913,2
HAY INARA 2,33.5417702,-7.5938915,2
HAY JAMILA 2,33.5490989,-7.5869841,2
HAY JAMILA 2,33.5493374,-7.5869622,3
HAY JAMILA 4,33.5474925,-7.5707796,1
HAY JAMILA 4_2,33.5473455,-7.570638,1
HAY LMASJID 2,33.5619027,-7.6051266,3
HAY LMASJID 2,33.5621003,-7.6050913,3
HAY MASJID 1,33.3841938,-7.5383891,1
HAY MASJID 1,33.3843027,-7.5385329,1
HAY MOULAY RACHID,33.5679104,-7.532027,3
HAY MOULAY RACHID,33.5681053,-7.5319238,3
HAY MOURAD,33.5747882,-7.5647664,4
HAY MOURAD,33.5750037,-7.5646661,3
HAY NAIM,33.5662546,-7.5048969,2
HAY NAIM,33.5665262,-7.5048499,2
HAY NAIM SIDI MOUMEN,33.5675619,-7.5117794,2
HAY NAIM SIDI MOUMEN,33.567774,-7.5116627,2
HAY NAJAH,33.5136788,-7.6511088,1
HAY NAJAH,33.5137568,-7.6511678,1
HAY NASSIM,33.5198645,-7.6658762,1
HAY NASSIM,33.5199275,-7.6656018,1
HAY NASSIM II,33.5141464,-7.6657433,1
HAY NASSIM II,33.5141676,-7.6661226,1
HAY RACHIDIA 1,33.6880677,-7.378111,1
HAY RACHIDIA 1,33.6881708,-7.3779472,1
HAY RAJA,33.5758917,-7.5493441,3
HAY RAJA,33.5760281,-7.5494432,3
HAY SADRI,33.572187,-7.5540349,3
HAY SADRI,33.5723646,-7.5542537,3
HAY SALAM 1,33.5481654,-7.6723391,2
HAY SALAM 1,33.5485543,-7.6723422,2
HAY SALAMA,33.566415,-7.5575053,5
HAY SALAMA,33.5674028,-7.55777,5
HAY SALAMA ( MOHAMMEDIA ),33.7006384,-7.3787539,6
HAY SALAMA ( MOHAMMEDIA ),33.7008126,-7.3788777,6
HAY TISSIR,33.5725766,-7.5788508,2
HAY TISSIR,33.572941,-7.5792003,2
HOPITAL 20 AOUT,33.5741445,-7.6177886,1
HOPITAL AL HASSANI,33.5607059,-7.6850009,4
HOPITAL AL HASSANI,33.5608212,-7.6852406,4
HOPITAL BOUAFI,33.5580235,-7.6073451,5
HOPITAL BOUAFI,33.5580922,-7.6072271,5
HOPITAL CHABAB,33.6894571,-7.3871363,1
HOPITAL CHABAB,33.6895288,-7.3870423,1
HOPITAL CHEIKH KHALIFA,33.5512592,-7.6683077,1
HOPITAL CHEIKH KHALIFA,33.5515472,-7.6680911,1
HOPITAL EL MANSOUR,33.6074697,-7.5043377,1
HOPITAL EL MANSOUR,33.6074914,-7.5038806,1
HOPITAL MY ABDELLAH,33.6983448,-7.3832534,6
HOPITAL MY ABDELLAH,33.6986552,-7.383424,6
HOPITAL SALMIA,33.5399288,-7.5576926,4
HOPITAL SALMIA,33.5402308,-7.5577525,4
IBNO CHAHID,33.5788009,-7.633824,2
IMMEUBLE 400,33.5802251,-7.6348293,1
IMMEUBLE 400,33.5802872,-7.6350122,1
INSTITUT AGRICOLE,33.6192268,-7.3438533,1
INSTITUT AGRICOLE,33.6193558,-7.3438602,1
INSTITUT PASTEUR,33.5741946,-7.6259393,1
INSTITUT PASTEUR,33.5742503,-7.6256415,2
INSTITUT TARIK BNOU ZIAD,33.5350576,-7.5744448,2
INSTITUT TARIK BNOU ZIAD,33.5352484,-7.5743244,2
ISCAE,33.5270184,-7.6363958,1
ISTA BOULEVARD AFGHANISTAN,33.5690007,-7.6817551,5
ISTA HAY HASSANI,33.5697204,-7.6834798,1
JAMAL DORA,33.5390563,-7.5761459,1
JAMAL DORA,33.5394711,-7.5759385,1
JAMAL DORA 2,33.5412799,-7.578593,1
JARDIN 20 AOUT (GARE),33.6914195,-7.3911372,3
JARDIN 20 AOUT (GARE),33.6914654,-7.3909149,3
JARDIN AL MOSTAKBAL,33.5229249,-7.6518198,3
JARDIN AL MOSTAKBAL,33.5233452,-7.6516009,3
JARDIN ALESCO,33.5497812,-7.5670124,7
JARDIN ALESCO,33.550292,-7.5678672,3
JARDIN ANASSI,33.5895791,-7.4950106,4
JARDIN ANASSI,33.5897873,-7.4949822,4
JARDIN EL WAHDA,33.6796338,-7.3856122,1
JARDIN EL WAHDA 2,33.6795354,-7.3854104,1
JARDIN LALLA MERIEM,33.5569962,-7.5582094,5
JARDIN LALLA MERIEM,33.5572861,-7.5581172,3
JARDIN LIGUE ARABE,33.5886184,-7.6204349,5
JARDIN LIGUE ARABE,33.5886517,-7.6206408,5
JARDIN MESBAHYATE,33.6731061,-7.396621,1
JARDIN MESBAHYATE,33.6731192,-7.3968244,1
JAWADI,33.5521507,-7.5838023,3
JAWADI,33.5523054,-7.5838103,3
JAWHARAT AL MADINA,33.5576917,-7.5292798,1
JAWHARAT AL MADINA,33.5579117,-7.5295391,1
JNANE OULFA,33.5320856,-7.678729,2
JNANE OULFA,33.5321415,-7.6784683,2
JNANE SBIT,33.5518814,-7.4707881,1
KHAYRIAT SIDI OTHMAN,33.5653837,-7.5539363,1
KHAYRIAT SIDI OTHMAN,33.5657527,-7.5537839,1
KIADAT MEDIOUNA,33.463262,-7.5241333,2
KIADAT MEDIOUNA,33.4634431,-7.523899,2
KISARIAT HAY MOHAMMADI,33.5858219,-7.5633752,1
KISARIAT HAY MOHAMMADI,33.5859887,-7.5630088,1
KISSARIAT AKHMASSI,33.5731289,-7.597555,2
KISSARIAT AKHMASSI,33.5731725,-7.5979704,2
KISSARIAT AZIZA,33.5825575,-7.5580169,1
KISSARIAT AZIZA,33.5827294,-7.5580118,1
KOREA SEBATA,33.5530141,-7.5698823,4
KOREA SEBATA,33.5536719,-7.570907,2
KRIMATE,33.5491197,-7.6232367,1
L'AUBERGE,33.6514884,-7.476634,1
L'EGLISE (ZERKTOUNI),33.5829948,-7.6158503,5
L'EGLISE (ZERKTOUNI),33.5831193,-7.6158987,5
LA FERAILLE,33.5828177,-7.581978,1
LA FERAILLE,33.5828687,-7.5823579,1
LA GARE ROUTIERE,33.5760012,-7.5854261,2
LA GARE ROUTIERE,33.5763868,-7.586568,2
LA MORGUE AIN CHOK,33.554666,-7.5926648,1
LA MORGUE AIN CHOK,33.5548894,-7.5923583,1
LA MORGUE RAHMA,33.535065,-7.7248064,2
LA POSTE TIT MELLIL,33.5558995,-7.4832201,4
LA POSTE TIT MELLIL,33.5564805,-7.4836499,4
LAAOUINA LHARRA,33.6002352,-7.6395714,3
LAAOUINA LHARRA,33.6003364,-7.6397092,3
LAAOUINA MAARIF,33.576827,-7.638101,2
LAAOUINA MAARIF,33.5770352,-7.6380669,2
LABRAHMA,33.6687619,-7.3806109,1
LABRAHMA,33.6689166,-7.3804397,1
LAHRAOUIYINE,33.5467305,-7.5302497,2
LAHRAOUIYINE,33.5467591,-7.5304153,2
LALLA MERYEM,33.5584681,-7.5606812,1
LALLA MERYEM,33.5584876,-7.5611458,1
LES ARENES,33.5894903,-7.6397215,4
LES ARENES,33.5904669,-7.6376581,4
LES JARDAINS D'ERRAHMA,33.5348245,-7.7231808,2
LES JARDINS DE BALI,33.5589288,-7.6255555,1
LES JARDINS DE BALI,33.5590548,-7.6254065,1
LFARFARA,33.5431683,-7.7101858,2
LHALHAL,33.5155298,-7.5157154,1
LHALHAL,33.5156699,-7.515624,1
LHJAJMA,33.5946011,-7.6456737,1
LHJAJMA,33.5947444,-7.6455379,1
LISSASFA 1,33.5340194,-7.6694801,4
LISSASFA 1,33.5343832,-7.669393,4
LISSASFA 2,33.5287396,-7.6783988,1
LISSASFA 2,33.5288485,-7.6786154,1
LOMOU,33.533902,-7.7660969,1
LOMOU,33.5339936,-7.7663639,1
LOTISEMENT FARAH ESSALAM,33.5381619,-7.6954363,1
LOTISEMENT FARAH ESSALAM,33.5382794,-7.6953234,1
LOTISSEMENT EL BAIDA II,33.5622313,-7.5337877,1
LOTISSEMENT EL BAIDA II,33.5622748,-7.5340237,3
LOTISSEMENT EL MANZAH,33.5594444,-7.5381731,4
LOTISSEMENT EL MANZAH,33.5595533,-7.5385318,4
LOTISSEMENT FARAH ESSALAM 1,33.5364952,-7.6975849,1
LOTISSEMENT FARAH ESSALAM 1 2,33.5351414,-7.6985308,1
LOTISSEMENT MALAK 1,33.6866502,-7.3473615,1
LOTISSEMENT MALAK 1,33.686821,-7.3472928,1
LOTISSEMENT RACHAD,33.4927424,-7.5383514,2
LOTISSEMENT RACHAD,33.4928129,-7.538039,2
LOTISSEMENT SAKLIA,33.5654673,-7.6941174,1
LOTISSEMENT SAKLIA,33.5655139,-7.6939224,1
LOTISSEMENT SEQUIA,33.5625424,-7.7180108,1
LOTISSEMENT SEQUIA,33.5626106,-7.7187241,1
LWIZYA II,33.6825845,-7.342147,1
LWIZYA II,33.6826957,-7.3423378,1
LYCEE ABDELKHALEK TORRES,33.5930942,-7.5082538,2
LYCEE ABDELKHALEK TORRES,33.5932403,-7.5080579,2
LYCEE ABDELLAH IBRAHIM,33.5300416,-7.524936,2
LYCEE ABDELLAH IBRAHIM_2,33.5301636,-7.5247508,2
LYCEE ALAKHYAR,33.5468408,-7.5755114,3
LYCEE ALAKHYAR,33.5468579,-7.5751211,3
LYCEE ALIDRISSI,33.5567458,-7.5835932,1
LYCEE ALIDRISSI,33.5622313,-7.5337877,2
LYCEE BEN KHALDOUN,33.6770325,-7.3891158,1
LYCEE BEN KHALDOUN 2,33.6769057,-7.3889042,1
LYCEE CHAOUKI,33.5838437,-7.6268566,3
LYCEE CHAOUKI,33.5847949,-7.6280874,3
LYCEE EL BAROUDI,33.6042971,-7.5538313,1
LYCEE EL BAROUDI,33.6045697,-7.5535366,1
LYCEE EL WALLADA,33.5884088,-7.6426065,2
LYCEE EL WALLADA,33.5886371,-7.642426,3
LYCEE FECHTALI,33.5586213,-7.6785764,3
LYCEE FECHTALI,33.5586531,-7.6789214,3
LYCEE IBNO HAZM,33.5615042,-7.5764558,3
LYCEE IBNO HAZM,33.5616646,-7.576135,4
LYCEE JABER BNOU HAYAN,33.5874506,-7.6043606,1
LYCEE JABER BNOU HAYAN,33.5876362,-7.6047302,1
LYCEE LAHLOU,33.572061,-7.62276,6
LYCEE LAHLOU,33.5722157,-7.6233851,6
LYCEE LOUIS MASSIGNON,33.4785556,-7.6222766,1
LYCEE LOUIS MASSIGNON,33.4786097,-7.6217075,1
LYCEE LYAUTEY,33.5959877,-7.631371,1
LYCEE MOHAMED V,33.5782483,-7.6152057,2
LYCEE MOHAMED V,33.5782601,-7.6152959,2
LYCEE MOULAY ABDELLAH,33.5618878,-7.6131853,6
LYCEE MOULAY ABDELLAH,33.5620477,-7.6130425,6
LYCEE TECHNIQUE MOHAMMEDIA,33.7064024,-7.3641418,4
LYCEE TECHNIQUE MOHAMMEDIA,33.7065531,-7.3647233,4
M'SALLA AIN CHOK,33.5485468,-7.5995042,3
M'SALLA AIN CHOK,33.5486528,-7.599734,2
M'SALLA MOHAMMEDIA,33.6933131,-7.3743587,3
M'SALLA MOHAMMEDIA,33.69332,-7.3747942,3
M'SALLA QODS,33.6246814,-7.4841203,1
M'SALLA QODS,33.6248533,-7.484248,1
MAAGUIZ,33.6140641,-7.5088726,1
MAAGUIZ,33.6143299,-7.507781,1
MAARIF EXTENTION,33.5639078,-7.629231,5
MAARIF EXTENTION,33.5639941,-7.6302305,5
MAATI BEN SALEH,33.5723158,-7.608469,1
MADAME CHOUAL,33.5645437,-7.7145593,1
MADAME CHOUAL,33.564687,-7.7149661,1
MADAME LOULA,33.5678669,-7.7078998,1
MADAME LOULA,33.5683276,-7.7079611,1
MAISON DES JEUNES ZERKTOUNI,33.5997692,-7.6388126,1
MAISON DES JEUNES ZERKTOUNI 2,33.5999124,-7.639079,1
MAISON DES SOEURS,33.5577851,-7.6364331,1
MAISON DES SOEURS,33.5582733,-7.6363322,1
MARASSI TIT MELLIL,33.5537996,-7.4773927,1
MARASSI TIT MELLIL,33.5540094,-7.4773159,1
MARCHE AIN CHOC,33.5468243,-7.5960931,2
MARCHE AIN CHOC,33.5470525,-7.5963165,2
MARCHE DE BOIS,33.5604872,-7.5946908,1
MARCHE DE BOIS,33.5610544,-7.594433,1
MARCHE DE GROS,33.5540214,-7.56324,1
MARCHE DE GROS,33.5544081,-7.5630899,2
MARCHE DE GROS 1,33.5900518,-7.5966389,1
MARCHE DE GROS 1,33.5902386,-7.596546,1
MARCHE DE GROS ERRAHMA,33.5373737,-7.719195,2
MARCHE DES DATTES,33.5699811,-7.5793143,1
MARCHE DES DATTES 2,33.569898,-7.5788033,1
MARCHE DES FLEURS,33.5826777,-7.6195056,5
MARCHE DES FLEURS,33.582794,-7.61877,5
MARCHE DES POULETS,33.5952451,-7.572809,1
MARCHE DES POULETS,33.5953402,-7.5725718,1
MARCHE OASIS,33.5567945,-7.6347182,1
MARCHE OASIS,33.5573588,-7.6340417,1
MARINA,33.6060646,-7.6210634,1
MARINA CASA,33.6058173,-7.6209021,1
MASJID FIRDAOUSS,33.6017178,-7.5113391,1
METRO,33.5377207,-7.6437602,4
MIMOSAS,33.6124205,-7.5314416,1
MIMOSAS,33.6126408,-7.5305314,1
MORABITINE,33.6812492,-7.3918362,2
MORABITINE,33.6813584,-7.3921393,2
MOROCCO MALL,33.580071,-7.703433,1
MOROCCO MALL,33.5803015,-7.7031222,1
MOSQUEE  DOHA,33.570455,-7.6357043,1
MOSQUEE  DOHA,33.57051,-7.6360287,1
MOSQUEE AB HORAIRA,33.5734395,-7.5280638,2
MOSQUEE AB HORAIRA,33.5736309,-7.5282621,2
MOSQUEE ABIR,33.5821622,-7.5380459,3
MOSQUEE ABIR,33.5824544,-7.5379623,3
MOSQUEE ADARISSA,33.5156561,-7.640885,1
MOSQUEE ADARISSA,33.5157449,-7.6413393,1
MOSQUEE AFGHANISTAN,33.5726914,-7.6732831,4
MOSQUEE AFGHANISTAN,33.5732593,-7.6721756,4
MOSQUEE AHL LOGHLAM,33.5978326,-7.4958143,1
MOSQUEE AHL LOGHLAM,33.5980217,-7.4958665,1
MOSQUEE AIN CHOC,33.5536199,-7.6000545,5
MOSQUEE AIN CHOC,33.5536939,-7.600037,6
MOSQUEE AL ANSAR,33.5291451,-7.5285195,3
MOSQUEE AL ANSAR,33.529266,-7.5281977,3
MOSQUEE AL FADL,33.5555449,-7.5134981,2
MOSQUEE AL FADL,33.5558233,-7.5137026,2
MOSQUEE AL FALAH,33.6130826,-7.4939661,1
MOSQUEE AL FALAH,33.613156,-7.4935103,1
MOSQUEE AL IRAQUI,33.5125937,-7.7008473,1
MOSQUEE AL IRAQUI,33.5126853,-7.7009412,1
MOSQUEE AL MAGHFIRA,33.6103898,-7.516666,1
MOSQUEE AL MAGHFIRA,33.610452,-7.5168805,1
MOSQUEE ALGERIE,33.6055996,-7.5084618,1
MOSQUEE ANNOUR,33.5258949,-7.5216799,1
MOSQUEE ANNOUR,33.5260181,-7.5214651,1
MOSQUEE AZHAR,33.5422693,-7.6922402,1
MOSQUEE AZHAR,33.5424579,-7.6921922,1
MOSQUEE BAB TAOUBA,33.5679792,-7.5253348,6
MOSQUEE BAB TAOUBA,33.5681053,-7.5254993,5
MOSQUEE BACHKOU,33.5587963,-7.6293166,3
MOSQUEE BACHKOU,33.5588884,-7.6295768,3
MOSQUEE BADR,33.5952795,-7.6383215,2
MOSQUEE BADR,33.5957413,-7.6379308,2
MOSQUEE BASATINE,33.6644418,-7.3579911,1
MOSQUEE BASATINE,33.6646194,-7.3582162,1
MOSQUEE EL BATHA,33.5658611,-7.6445204,2
MOSQUEE EL BATHA,33.5658978,-7.6442621,2
MOSQUEE EL FATH,33.5445246,-7.6790124,2
MOSQUEE EL FATH,33.5445819,-7.6791631,2
MOSQUEE EL HODA,33.5701869,-7.6127574,9
MOSQUEE EL HODA,33.5707844,-7.6128776,9
MOSQUEE EL HOSNA B,33.5436193,-7.5843208,3
MOSQUEE EL HOSNA B,33.5441006,-7.5828999,3
MOSQUEE EL KAOUTAR,33.571465,-7.5938385,2
MOSQUEE EL KAOUTAR,33.5717622,-7.5937703,2
MOSQUEE EL WAHDA,33.6087086,-7.5453677,1
MOSQUEE EL WAHDA,33.6089385,-7.5450234,1
MOSQUEE ELFATH,33.6630982,-7.3648494,1
MOSQUEE ELFATH,33.6633102,-7.3647319,1
MOSQUEE HASSAN II,33.6054128,-7.6295007,2
MOSQUEE HASSAN II,33.605436,-7.6296708,2
MOSQUEE HAY EL FARAH,33.5714794,-7.5882038,4
MOSQUEE HAY EL FARAH,33.5716983,-7.5881448,4
MOSQUEE KAOUTAR,33.5745906,-7.6821368,1
MOSQUEE LISSASFA,33.5345686,-7.6703102,2
MOSQUEE LISSASFA,33.5346656,-7.6701591,2
MOSQUEE LMZABIENNE,33.5268145,-7.5914542,1
MOSQUEE LMZABIENNE,33.5269021,-7.5913,1
MOSQUEE MALI,33.6877257,-7.391646,3
MOSQUEE MALI,33.6877984,-7.3911791,3
MOSQUEE MSALLA,33.5455846,-7.6023564,3
MOSQUEE MSALLA,33.5456132,-7.6022218,5
MOSQUEE NASSIM,33.5197845,-7.6616548,1
MOSQUEE NASSIM,33.5197942,-7.6613843,1
MOSQUEE NOUZHA,33.4448615,-7.5140275,1
MOSQUEE OMAR IBN AL KHATTAB,33.3855804,-7.6853373,1
MOSQUEE OMAR IBN AL KHATTAB,33.3862393,-7.6858392,1
MOSQUEE OULAD SALH,33.4005002,-7.6788801,1
MOSQUEE OULAD SALH,33.4012983,-7.6783123,1
MOSQUEE OULD EL HAMRA,33.6024723,-7.6182837,2
MOSQUEE OULD EL HAMRA,33.6026473,-7.6185491,2
MOSQUEE QODS,33.6104466,-7.4979593,2
MOSQUEE QODS,33.6109991,-7.4968457,1
MOSQUEE QUARTIER INDUSTRIEL,33.6298437,-7.49699,1
MOSQUEE ROI ABDALLAH,33.4679746,-7.6560769,1
MOSQUEE ROI ABDALLAH,33.4682639,-7.6559738,1
MOSQUEE SONNA,33.5614555,-7.6091219,5
MOSQUEE SONNA,33.5615357,-7.608887,4
MOSQUEE TAHA,33.5512683,-7.6124164,1
MOSQUEE TAHA,33.5513852,-7.612362,1
MOSQUEE TAMARIS,33.499407,-7.8678106,1
MOSQUEE TAMARIS,33.4995612,-7.8670715,1
MOSQUEE YACOUT,33.5497099,-7.590338,4
MOSQUEE YACOUT,33.5497425,-7.5904721,4
MSALLA DE AIN CHOK1,33.5466314,-7.5998108,1
MUNICIPALITE DEROUA,33.3753244,-7.5413141,1
MUNICIPALITE DEROUA,33.3754906,-7.5414739,1
MUNICIPALITE NOUACEUR,33.372706,-7.5493183,1
MUNICIPALITE NOUACEUR,33.372977,-7.5492209,1
NEJMET SIDI MOUMEN,33.5839069,-7.5061092,1
NEJMET SIDI MOUMEN,33.5840358,-7.5061963,1
OFFICE AGRICOLE,33.4535257,-7.5098266,1
OFFICE AGRICOLE,33.4536621,-7.5098793,1
OFPPT AIN BORJA,33.5801412,-7.5917238,3
OFPPT AIN BORJA,33.5803749,-7.5915208,1
OFPPT AIN SEBAA,33.609123,-7.529376,2
OFPPT AIN SEBAA,33.6091869,-7.5291331,2
OFPPT BOULEVARD BAHMAD,33.5874735,-7.59408,1
OFPPT BOULEVARD BAHMAD,33.587485,-7.5941322,1
OFPPT DERB GHALLEF,33.5699181,-7.63121,4
OFPPT DERB GHALLEF,33.5700418,-7.6312507,1
OFPPT EL HANK,33.6027085,-7.6456405,1
OFPPT EL HANK,33.6028437,-7.6456187,1
OFPPT ROUTE MARRAKECH,33.5224199,-7.6342129,1
OFPPT ROUTE MARRAKECH,33.5228038,-7.63498,1
OFPPT SIDI MOUMEN,33.574751,-7.5221652,2
OFPPT SIDI MOUMEN,33.5748535,-7.522462,2
ONEP BOUSKOURA,33.4943255,-7.6298022,2
ONEP BOUSKOURA,33.4945478,-7.6298876,2
ORPHELINAT DE AIN CHOC,33.5492859,-7.5943791,4
ORPHELINAT DE AIN CHOC,33.5493432,-7.5942754,4
OUED EL MALEH,33.6517235,-7.4056769,1
OUED EL MALEH,33.6519383,-7.4057252,1
OUED HASSAR,33.5379021,-7.4197997,1
OUED HASSAR,33.5381631,-7.4197604,1
OUED NASSIM,33.5213906,-7.6649552,2
OUED NASSIM,33.5214637,-7.6649296,2
OULED BA HMAD,33.6148494,-7.350161,1
OULED BA HMAD,33.6150357,-7.3500252,1
OULED HARRES,33.5779338,-7.5674621,1
OULED HARRES,33.5779888,-7.568148,3
OULED ISSA,33.4712977,-7.7755209,1
OULED ISSA,33.4713556,-7.7750808,1
OULED TALEB,33.53636,-7.6177621,1
OULED TALEB,33.5363829,-7.6175432,1
OULFA PRESTIGE,33.5416893,-7.712636,2
OUM RAYAT,33.6626513,-7.3717839,1
OUM RAYAT,33.6626759,-7.3720377,1
P3003 SIDI MOUSSA,33.5679872,-7.377832,1
P3003 SIDI MOUSSA,33.5680812,-7.377738,1
P3011 BOUSKOURA,33.4551203,-7.6502603,1
P3011 BOUSKOURA,33.4552062,-7.6500912,1
PALAIS ATLAS,33.5671352,-7.5094966,2
PALAIS ATLAS,33.5674223,-7.5093854,2
PALAIS DES AMBASSADES,33.5251672,-7.6837542,1
PALAIS DES AMBASSADES,33.5253792,-7.683835,1
PALAIS ROYAL AIN GUEDDID,33.5587912,-7.7242429,1
PALAIS ROYAL AIN GUEDDID,33.5589425,-7.7244428,1
PALMIER,33.5796698,-7.6322854,1
PALMIER,33.5797672,-7.6324017,1
PALMIER ABDELMOUMEN,33.5812057,-7.6245608,3
PALMIER ABDELMOUMEN,33.5817805,-7.6240512,4
PANORAMIQUE,33.552632,-7.6069343,1
PANORAMIQUE,33.5529184,-7.6070833,1
PARC (MOH),33.7057303,-7.3975108,1
PARC (MOH),33.7058008,-7.3974501,1
PARC HAY HASSANI,33.5706132,-7.6782154,4
PARC INDUSTRIEL,33.4425095,-7.6507593,2
PARC INDUSTRIEL,33.4426619,-7.6509787,2
PARC LE LAC,33.6024203,-7.636126,2
PARC LE LAC,33.6025652,-7.6361088,1
PARK DE BOUSKOURA,33.4737668,-7.6176512,1
PARK.BOUS,33.4744537,-7.6173649,1
PEAGE NOUACEUR,33.3909261,-7.6076202,1
PEAGE NOUACEUR,33.3912527,-7.6078282,1
PENETRATION AZBANE,33.5304401,-7.6654226,3
PENETRATION AZBANE,33.5306148,-7.6652481,3
PEPINIERE BOUSKOURA,33.4883461,-7.6743961,1
PEPINIERE BOUSKOURA,33.4883518,-7.6742299,1
PEPINIERE DAR BOUAZZA,33.5158269,-7.8096611,1
PEPINIERE DAR BOUAZZA,33.516209,-7.8095053,1
PEPINIERE DERB GHALLEF,33.5738119,-7.6347669,2
PEPINIERE DERB GHALLEF,33.574072,-7.6348855,2
PEPINIERE OASIS,33.5618738,-7.6284042,1
PEPINIERE OASIS,33.5619712,-7.628634,1
PEPINIERE ORIKA,33.5155788,-7.6327243,1
PEPINIERE ORIKA,33.5157249,-7.6326504,1
PETIT ZENATA,33.6416667,-7.4965815,1
PETIT ZENATA,33.6419102,-7.4967849,1
PHARE EL HANK,33.6066253,-7.6512897,1
PHARE EL HANK,33.6067826,-7.6510082,1
PHARMACIE AL ATFAL,33.5522228,-7.6896919,2
PLACE SIDI MOHAMED,33.4536248,-7.5170247,1
PLACE SIDI MOHAMED,33.4538827,-7.5170264,1
PLAGE LALLA MERIEM,33.6032121,-7.6598986,1
PLAGE LALLA MERIEM,33.603215,-7.6601446,1
PLAGE OULAD HMIMOUN,33.6685912,-7.4412859,1
PLAGE OULAD HMIMOUN,33.6689309,-7.4415759,1
PLAGE PALOMA,33.6599298,-7.4605895,1
PLAGE PALOMA,33.6601968,-7.4606771,1
PLAGE RAHA,33.618427,-7.5433561,1
PLAGE RAHA,33.6185737,-7.5434506,1
PLAGE SAADA,33.6193042,-7.5346517,1
PLAGE SAADA,33.6196697,-7.5346368,1
POLE URBAIN NOUACEUR,33.3830193,-7.5518868,1
POLE URBAIN NOUACEUR,33.3830536,-7.5522335,1
POLYCLINIQUE CNSS BERNOUSSI,33.6112169,-7.5016465,1
POLYCLINIQUE CNSS BERNOUSSI,33.6114289,-7.501615,1
POLYCLINIQUE CNSS INARA,33.5397649,-7.5984419,5
POLYCLINIQUE CNSS INARA,33.539873,-7.5985765,3
POLYCLINIQUE CNSS OUM RABIA,33.5672306,-7.66761,1
PONT ANOUAL,33.5704893,-7.5780882,2
PONT ANOUAL,33.5707736,-7.577814,2
PONT AUTOROUTE A1,33.5367003,-7.5389936,3
PONT AUTOROUTE A1,33.5371884,-7.5389833,3
PONT ONCF,33.6463827,-7.4450571,2
PONT ONCF,33.6466389,-7.4453551,1
POSTE DE POLICE BOUTALEB,33.5730121,-7.685178,1
POSTE DE POLICE BOUTALEB,33.5731954,-7.6854021,1
POSTE DE POLICE GARE ROUTIERE,33.5749358,-7.5902984,2
POSTE DE POLICE GARE ROUTIERE,33.574961,-7.5901996,2
POSTE MAROC (ZOLA),33.5956735,-7.5938252,4
POSTE MAROC (ZOLA),33.5957112,-7.5939269,4
PREFECTURE MEDIOUNA,33.5596048,-7.4900521,2
PREFECTURE MEDIOUNA,33.5597939,-7.4898659,2
PREFECTURE NOUACER,33.4657859,-7.638494,3
PREFECTURE NOUACER,33.4661955,-7.638694,3
PRESTIGIA,33.4740498,-7.609354,1
PRESTIGIA,33.4745337,-7.6094803,1
PRISON OKACHA,33.6075605,-7.558129,1
PRISON OKACHA,33.6075801,-7.5578639,1
PROJET SALAM,33.5888962,-7.4861921,1
PROJET SALAM,33.589009,-7.4860758,1
PROMENADE MARITIME,33.6035983,-7.6416573,1
PROMENADE MARITIME,33.6038544,-7.6416355,1
PROTECTION CIVIL AIN SEBAA,33.6061182,-7.5504944,1
PROTECTION CIVIL AIN SEBAA,33.6061783,-7.5505962,1
PROTECTION CIVIL BOUSKOURA,33.4325744,-7.6397184,1
PROTECTION CIVIL BOUSKOURA,33.4326185,-7.6395523,1
PROTECTION CIVIL EL QODS,33.621914,-7.4876875,1
PROTECTION CIVIL EL QODS,33.6220515,-7.4878691,1
PROTECTION CIVIL MOHAMMEDIA,33.6825249,-7.4082612,4
PROTECTION CIVIL MOHAMMEDIA,33.6826682,-7.4081673,4
PROTECTION CIVILE,33.5478821,-7.6222231,1
PROTECTION CIVILE,33.5484494,-7.6221658,1
PTT BIR ANZARAN,33.580111,-7.6371361,2
PTT BIR ANZARAN,33.5801339,-7.6367373,2
PTT HAY ALAMAL,33.5678516,-7.5905411,3
PTT HAY ALAMAL,33.5679059,-7.5908096,3
PTT ROUDANI,33.5698529,-7.6435505,2
PTT ROUDANI,33.5706426,-7.6432488,2
QADI TAZI (SOS),33.6781126,-7.3962812,3
QADI TAZI (SOS),33.6783991,-7.3965041,3
QUARTIER ANFA MOHAMMEDIA,33.6908953,-7.370756,1
QUARTIER ANFA MOHAMMEDIA,33.6909612,-7.3706609,1
QUARTIER DRISSIA,33.5636041,-7.5917481,3
QUARTIER DRISSIA,33.5639192,-7.5922093,3
QUARTIER INDUSTRIEL MEDIOUNA,33.5398894,-7.4938623,1
QUARTIER INDUSTRIEL MEDIOUNA,33.5399024,-7.494173,1
QUARTIER NASSIM,33.6786712,-7.4006048,1
QUARTIER NASSIM,33.6788809,-7.4002392,1
QUARTIER POLO,33.5539841,-7.6031139,5
QUARTIER POLO,33.5540214,-7.6036473,5
QUARTIER TAKADOUM,33.5855229,-7.5678038,1
QUARTIER TAKADOUM,33.5857251,-7.5677564,1
RACHAD,33.5664776,-7.6091434,9
RESIDENCE ABOUAB OUM RABIA,33.5604242,-7.6724343,2
RESIDENCE ABOUAB OUM RABIA,33.5607622,-7.672251,2
RESIDENCE ABWAB SALAM,33.5811939,-7.4780269,2
RESIDENCE ABWAB SALAM,33.5812191,-7.4782532,2
RESIDENCE AL AMANE,33.5951053,-7.5391758,2
RESIDENCE AL AMANE,33.5952107,-7.5392978,2
RESIDENCE AL AMANE 2,33.5936852,-7.5449411,2
RESIDENCE AL AMANE 2,33.5938414,-7.5450131,2
RESIDENCE AL BADR,33.5990014,-7.5331047,2
RESIDENCE AL BADR,33.5991389,-7.5331649,2
RESIDENCE AL BAIDA EL QODS,33.6144009,-7.4879167,1
RESIDENCE AL FADL,33.5533212,-7.5175655,2
RESIDENCE AL FADL,33.5534513,-7.5177552,2
RESIDENCE AL FAJR,33.504853,-7.7140958,1
RESIDENCE AL FAJR,33.5049962,-7.7140906,1
RESIDENCE AL FIRDAOUS,33.5583077,-7.6681618,2
RESIDENCE AL FIRDAOUS,33.5583622,-7.6679937,2
RESIDENCE AL HOUDA,33.58209,-7.524523,1
RESIDENCE AL HOUDA,33.5821221,-7.5243218,1
RESIDENCE AL MAWLID,33.5526835,-7.6234796,1
RESIDENCE AL MAWLID,33.5527752,-7.6232419,1
RESIDENCE AL WIFAK,33.5966065,-7.5365906,2
RESIDENCE AL WIFAK,33.5967411,-7.5366725,2
RESIDENCE ALASSIL,33.5932088,-7.5611046,2
RESIDENCE ALASSIL,33.5933864,-7.5611882,2
RESIDENCE ALKIMA,33.5922978,-7.5012167,1
RESIDENCE ALKIMA,33.5927447,-7.5011692,2
RESIDENCE ANDALOUS,33.6643988,-7.3995122,1
RESIDENCE ANDALOUS,33.6644504,-7.3992824,1
RESIDENCE ANNACER,33.568908,-7.5961948,2
RESIDENCE ANNACER,33.5690271,-7.5959381,2
RESIDENCE ASSALAM,33.5853106,-7.5815242,3
RESIDENCE ASSALAM,33.5856343,-7.581342,3
RESIDENCE BAB EL BAIDA 1,33.6163684,-7.4829962,1
RESIDENCE BAB EL BAIDA 1,33.6166174,-7.4828119,1
RESIDENCE BACHKOU,33.5328885,-7.6471856,4
RESIDENCE BACHKOU,33.5329737,-7.6472571,4
RESIDENCE BASSATIN ALOULFA,33.5477837,-7.7020936,2
RESIDENCE BASSATIN ALOULFA,33.5477965,-7.7024042,2
RESIDENCE BASSATIN ALOULFA_ 2,33.5436422,-7.6974147,1
RESIDENCE BASSATIN ALOULFA_ 2,33.5437832,-7.6973173,1
RESIDENCE BOUAARFA,33.6006906,-7.6362277,1
RESIDENCE BOUAARFA,33.6008349,-7.6362761,2
RESIDENCE CHARAF,33.5856572,-7.5271528,3
RESIDENCE CHARAF,33.5856658,-7.5269162,3
RESIDENCE CHIFAE,33.5833389,-7.6318379,1
RESIDENCE CHIFAE,33.5835178,-7.6318297,1
RESIDENCE DANDOUN,33.514685,-7.6461882,1
RESIDENCE DANDOUN,33.5148024,-7.646324,1
RESIDENCE DES OLIVIERS,33.5860755,-7.5026314,1
RESIDENCE DES OLIVIERS,33.5861643,-7.5028101,1
RESIDENCE EL AHALI,33.516333,-7.6544831,3
RESIDENCE EL AHALI,33.5167596,-7.6541319,3
RESIDENCE EL ALIA,33.571708,-7.4823934,2
RESIDENCE EL ALIA,33.5717172,-7.4820582,2
RESIDENCE EL BAIDA,33.5934695,-7.4986883,2
RESIDENCE EL BAIDA,33.594144,-7.4988958,2
RESIDENCE EL BAIDA EL QODS,33.6143474,-7.4880647,1
RESIDENCE EL HADIKA,33.6032361,-7.529428,2
RESIDENCE EL HADIKA,33.6033788,-7.5283503,1
RESIDENCE EL HAMD,33.556253,-7.5438276,3
RESIDENCE EL HAMD,33.5564221,-7.5440906,3
RESIDENCE EL HORRIA,33.6898536,-7.3777942,2
RESIDENCE EL HORRIA,33.6900925,-7.3780348,2
RESIDENCE EL HOSSAINI,33.5769097,-7.6392745,1
RESIDENCE EL HOSSAINI,33.5772746,-7.6385113,1
RESIDENCE EL KAWTAR,33.5944321,-7.5116658,2
RESIDENCE EL KAWTAR,33.5945415,-7.5117151,2
RESIDENCE EL MAJD,33.5706171,-7.6346431,4
RESIDENCE EL MAJD,33.5708692,-7.6346993,4
RESIDENCE EL MANSOUR,33.5727905,-7.6486687,5
RESIDENCE EL MANSOUR,33.5733073,-7.6494902,5
RESIDENCE EL MOSTAKBAL,33.5296334,-7.648818,4
RESIDENCE EL MOSTAKBAL,33.5299671,-7.648601,4
RESIDENCE ELFATH,33.6624504,-7.3684292,1
RESIDENCE ELFATH,33.6625765,-7.36846,1
RESIDENCE ELMOUAHIDINE,33.5858349,-7.5480755,1
RESIDENCE ELMOUAHIDINE,33.586087,-7.5482262,1
RESIDENCE FLEURS DE LYS,33.7040303,-7.3703429,4
RESIDENCE FLEURS DE LYS,33.7041936,-7.3704724,4
RESIDENCE HLIWA,33.5998546,-7.5358898,1
RESIDENCE HLIWA,33.6000788,-7.5360258,1
RESIDENCE IDMAJ,33.5523332,-7.5503952,3
RESIDENCE IDMAJ,33.5528397,-7.5506292,3
RESIDENCE JAD VICTORIA,33.4145663,-7.6800753,1
RESIDENCE JAD VICTORIA,33.4146958,-7.6802483,1
RESIDENCE LES CHAMPS DE LYS,33.6898324,-7.3638931,1
RESIDENCE LES CHAMPS DE LYS,33.6902702,-7.3639332,1
RESIDENCE NAIM,33.5619884,-7.4852742,2
RESIDENCE NAIM,33.5620199,-7.4856821,2
RESIDENCE NARJIS,33.5280601,-7.6584438,1
RESIDENCE NARJIS,33.528193,-7.6584129,1
RESIDENCE OUDAYA,33.6021631,-7.5234324,2
RESIDENCE OUDAYA,33.6023624,-7.5238984,2
RESIDENCE RAYAN VICTORIA,33.4173795,-7.6790777,1
RESIDENCE RAYAN VICTORIA,33.417391,-7.679268,1
RESIDENCE RIAD AL OULFA,33.5561403,-7.697214,3
RESIDENCE RIAD AL OULFA,33.5563055,-7.69731,3
RESIDENCE ROKIA,33.6836044,-7.3718572,1
RESIDENCE ROKIA,33.6836273,-7.3716693,1
RESIDENCE SAADA,33.5880866,-7.5228029,4
RESIDENCE SAADA,33.5883467,-7.5228958,4
RESIDENCE SAFA,33.5685315,-7.5157435,2
RESIDENCE SAFA,33.5687378,-7.5155739,2
RESIDENCE SALMA,33.5489249,-7.5544715,1
RESIDENCE SALMA,33.5492184,-7.5547832,1
RESIDENCE SHEMSI,33.5925213,-7.6373773,1
RESIDENCE WALILI,33.5799592,-7.5122445,1
RESIDENCE WALILI,33.5800709,-7.5124421,1
RESTAURANT MRISSA,33.5471602,-7.7442861,1
RESTAURANT MRISSA,33.5474541,-7.7443726,1
ROCADE SUD OUEST,33.5188618,-7.6931742,1
ROCADE SUD OUEST,33.5191082,-7.6931817,1
ROCHES NOIRES,33.609038,-7.5669809,2
ROCHES NOIRES,33.6093443,-7.5664749,2
ROND POINT LOMO,33.5316903,-7.7706771,1
ROND POINT LOMO,33.5319367,-7.7708811,1
ROND POINT VICTORIA,33.4242751,-7.6700525,2
ROND POINT VICTORIA,33.4243605,-7.6701929,2
ROND-POINT AICHA,33.5977023,-7.5872583,3
ROND-POINT AICHA,33.5978039,-7.5883631,3
ROND-POINT ANASSI,33.5878402,-7.4998909,1
ROND-POINT ANASSI,33.5880322,-7.5000107,1
ROND-POINT BACHKOU,33.561203,-7.624333,5
ROND-POINT BACHKOU,33.5614576,-7.6240773,6
ROND-POINT CHAHDIA,33.5466314,-7.6805967,2
ROND-POINT CHAHDIA,33.5466675,-7.6805227,2
ROND-POINT MERCHICH,33.4526989,-7.5206681,1
ROND-POINT MERCHICH,33.453029,-7.5203398,1
ROND-POINT MOROCCO MALL,33.5704068,-7.7014466,1
ROND-POINT MOROCCO MALL,33.5707689,-7.7013893,1
ROUTE AZEMMOUR,33.5773665,-7.6724572,1
ROUTE AZEMMOUR,33.5777871,-7.6727701,1
ROUTE D'EL JADIDA,33.5572706,-7.6445787,3
ROUTE D'EL JADIDA,33.557995,-7.6443915,1
ROUTE DAR BOUAZZA,33.5402417,-7.7566769,1
ROUTE DAR BOUAZZA,33.5405139,-7.7555882,1
ROUTE DE L'OASIS,33.5589803,-7.6298452,1
ROUTE DE L'OASIS,33.5590013,-7.6299867,1
ROUTE DE LOUIZIA,33.688655,-7.3547538,1
ROUTE DE LOUIZIA,33.6889214,-7.3547962,1
ROUTE DE RABAT,33.6001518,-7.5631662,2
ROUTE DE RABAT,33.6002751,-7.5633341,2
ROUTE DE SIDI ABDERRAHMANE,33.5717241,-7.7004229,1
ROUTE DE SIDI ABDERRAHMANE,33.5718425,-7.7001456,1
ROUTE DES ZENATA,33.625157,-7.521763,1
ROUTE DES ZENATA,33.6252469,-7.5217808,1
ROUTE MOULAY THAMI,33.5385805,-7.7174793,2
ROUTE MOULAY THAMI,33.5387199,-7.7175975,2
ROUTE N1 AIN HARROUDA,33.6334396,-7.464819,1
ROUTE N1 AIN HARROUDA,33.6336614,-7.4650339,1
ROUTE N11 SIDI MAAROUF,33.54449,-7.6422728,1
ROUTE N11 SIDI MAAROUF,33.5445105,-7.6420356,1
ROUTE N9,33.4711516,-7.5128953,1
ROUTE N9,33.4711803,-7.5125831,1
ROUTE N9 AL MAJJATIA,33.4847651,-7.5103669,1
ROUTE N9 AL MAJJATIA,33.484941,-7.5101664,1
ROUTE N9 TIT MELLIL,33.5344291,-7.4940811,1
ROUTE N9 TIT MELLIL,33.5344339,-7.4944226,1
ROUTE NATIONALE 1 LISSASFA,33.5064149,-7.7101137,1
ROUTE NATIONALE 1 LISSASFA,33.5066005,-7.7102581,1
ROUTE NATIONALE 11,33.5210427,-7.6341515,1
ROUTE NATIONALE 11,33.521273,-7.6336866,1
ROUTE NATIONALE 9 MEDIOUNA,33.434308,-7.5212916,1
ROUTE NATIONALE 9 MEDIOUNA,33.4344567,-7.5215475,1
ROUTE OULED ZIANE,33.5819365,-7.5942588,3
ROUTE OULED ZIANE,33.5820018,-7.594127,1
ROUTE P3003,33.5893585,-7.3799244,1
ROUTE P3003,33.5894273,-7.3800883,1
ROUTE P3013 BOUSKOURA,33.4509319,-7.6426783,2
ROUTE P3013 BOUSKOURA,33.4513158,-7.6427087,2
ROUTE P3026,33.4761879,-7.6031534,1
ROUTE P3026,33.4765546,-7.6040673,1
ROUTE P3307,33.6318548,-7.33299,1
ROUTE P3307,33.631958,-7.3328743,1
ROUTE P3307 AIN TEKKI,33.6627,-7.3537678,1
ROUTE P3307 AIN TEKKI,33.6628576,-7.3537941,1
ROUTE P3336 MEDIOUNA,33.4485141,-7.5174292,1
ROUTE P3336 MEDIOUNA,33.4486745,-7.5173318,1
ROUTE R309,33.6727984,-7.4320963,1
ROUTE R309,33.673082,-7.4322561,1
ROUTE R320,33.5879262,-7.6454302,1
ROUTE R320 /P3012,33.5002373,-7.85806,1
ROUTE R320 /P3012,33.5005306,-7.8581111,1
ROUTE R322 ROCHES NOIRES,33.607671,-7.5702584,2
ROUTE R322 ROCHES NOIRES,33.6077535,-7.5703042,2
ROUTE R322 ZENATA,33.636906,-7.5042443,1
ROUTE R322 ZENATA,33.6369312,-7.5046207,1
ROUTE SIDI MAAROUF,33.5138198,-7.6549723,1
ROUTE SIDI MAAROUF,33.5141504,-7.6549723,1
ROYAL GOLF ANFA,33.5831454,-7.6585257,1
ROYAL GOLF ANFA 2,33.5830503,-7.6597347,1
RTM AIN CHOC,33.5389131,-7.583105,2
RTM AIN CHOC,33.5391354,-7.5831491,2
RUE 41 RIAD OULFA,33.5579418,-7.6926721,2
RUE AL MAROUNI,33.5744043,-7.6400246,2
RUE AL MAROUNI,33.5748662,-7.6399009,2
RUE BEN KACEM ADDAHMANI,33.5523546,-7.578797,3
RUE BEN KACEM ADDAHMANI,33.5523993,-7.5788703,3
RUE D'ALGER,33.5941511,-7.6237987,6
RUE DE BELGRADE,33.5754406,-7.6101812,1
RUE DE BELGRADE,33.5754751,-7.6100735,1
RUE DE L'ALMA,33.5985918,-7.6386195,1
RUE DES EPERVIERS,33.5642859,-7.6397734,1
RUE EL HAOUZA,33.6057258,-7.5626694,1
RUE EL HAOUZA,33.6057751,-7.5627219,1
RUE FAROUKI ERRAHALI,33.5589151,-7.6010395,1
RUE FAROUKI ERRAHALI,33.5590112,-7.6007534,2
RUE IBNOU ADRAA,33.5890377,-7.5729339,1
RUE IBNOU ADRAA,33.5891901,-7.5727202,1
RUE KAID AL ACHTAR,33.5824518,-7.6413792,2
RUE NORMANDIE,33.5850425,-7.6393896,3
RUE OUALILI,33.5744043,-7.6435309,1
RUE OUALILI,33.574629,-7.6433377,1
RUE SALONIQUE,33.5769082,-7.6129773,1
RUE SALONIQUE,33.577029,-7.612917,1
RUE WASHINGTON,33.593457,-7.6309255,4
RUE WASHINGTON,33.5936538,-7.6302559,4
SAKANI AHL LOGHLAM,33.5987017,-7.4782217,1
SAKANI AHL LOGHLAM,33.5990117,-7.4782832,1
SALAM MOHAMMEDIA,33.6997315,-7.3589457,1
SALAM MOHAMMEDIA,33.7001915,-7.3586941,1
SALLE DE SPORT LA CORNICHE,33.5715716,-7.6891498,1
SALLE DE SPORT LA CORNICHE,33.5717205,-7.6892215,1
SALLE DERKAOUI,33.6159495,-7.5211448,1
SALLE DERKAOUI,33.6160641,-7.5213052,1
SAMIR (MOH),33.6783905,-7.4162362,3
SAMIR (MOH),33.6787342,-7.416486,3
SCHNEIDER,33.5626181,-7.6681945,1
SEHAB RMAL,33.6454024,-7.3383174,1
SEHAB RMAL,33.6455084,-7.3382211,1
SIDI BERNOUSSI,33.6163981,-7.4970067,1
SIDI BERNOUSSI,33.6164996,-7.4971585,1
SIDI BOUZIANE,33.4849272,-7.7398783,1
SIDI BOUZIANE,33.4849943,-7.7393764,1
SIDI GHANEM,33.4970722,-7.5056738,1
SIDI GHANEM,33.4970814,-7.5052183,1
SIDI MESSAOUD,33.5131895,-7.6316409,2
SIDI MESSAOUD,33.5133442,-7.6318408,2
SIDI MOUSSA EL MAJDOUB,33.6047768,-7.3850049,1
SIDI MOUSSA EL MAJDOUB,33.6048685,-7.384884,1
SINDIBAD,33.5825224,-7.6987711,1
SINDIBAD,33.5825989,-7.6994576,1
SNRT AIN CHOCK,33.537328,-7.5858388,1
SNRT AIN CHOCK,33.5374789,-7.5859917,2
SOCIETE COSUMAR,33.5989435,-7.5716687,1
SOCIETE COSUMAR,33.5992092,-7.571057,1
SOUK ALLEK,33.6092346,-7.5006323,1
SOUK BOURGOGNE,33.5991125,-7.6431561,2
SOUK BOURGOGNE,33.5997106,-7.6420826,2
SOUK CHRIFA,33.5361594,-7.6017176,1
SOUK CHRIFA,33.5365204,-7.6020063,1
SOUK LAAYOUNE,33.564581,-7.5953858,2
SOUK LAAYOUNE,33.5646698,-7.5950518,2
SOUK LHJAJMA,33.5961056,-7.6483799,1
SOUK LHJAJMA,33.596155,-7.6485413,1
SOUK LWIZIA,33.6756947,-7.3508107,1
SOUK LWIZIA,33.6759038,-7.350946,1
SOUK OULD MINA,33.5685886,-7.6756633,3
SOUK OULD MINA,33.5686578,-7.6756998,3
SOUK SALAM,33.5831935,-7.5524575,1
SOUK SALAM,33.5834112,-7.552552,1
SOUK SWISRA,33.5641404,-7.3719729,1
SOUK SWISRA,33.5642767,-7.3723322,1
STADE COC,33.5609842,-7.6447656,2
STADE COC,33.5610666,-7.6445124,2
STADE HAY HASSANI,33.570789,-7.6805095,5
STADE MOHAMED V,33.5841384,-7.6478018,2
STADE PERE JEGO,33.5503195,-7.6517895,2
STADE TISSIMA,33.5444156,-7.5621869,5
STADE TISSIMA,33.5446172,-7.5621061,5
STATION ANOUAL,33.570216,-7.625819,2
STATION ANOUAL,33.5702452,-7.6261238,1
STATION EL FALAH,33.6846558,-7.3801972,1
STATION EL FALAH 2,33.6844017,-7.3800374,1
SWILBATE,33.68035,-7.3468155,1
SWILBATE,33.6804554,-7.3470011,1
SWILBATE 2,33.6780355,-7.3499172,1
SWILBATE 2,33.6781776,-7.3496346,1
TACHAROUK BD OQBA,33.569666,-7.5200562,1
TACHAROUK BOULEVARD OQBA,33.5699353,-7.5197594,1
TARIK EL KHIR,33.6087893,-7.4963071,1
TARIK EL KHIR,33.608948,-7.4961209,1
TARIQ BNOU ZYAD,33.575742,-7.6241175,2
TARIQ BNOU ZYAD,33.5758592,-7.6247523,2
TECHNOPARC,33.5404213,-7.6377114,4
TECHNOPARC,33.5406285,-7.6384132,4
TECHNOPOLE NOUACEUR,33.3734967,-7.5531594,1
TECHNOPOLE NOUACEUR,33.3737797,-7.5530563,1
TERMINUS ABOUAB AL OULFA,33.5475154,-7.7040305,1
TERMINUS AIN SEBAA,33.5956195,-7.5302426,1
TERMINUS AIN SEBAA,33.5956503,-7.5300558,3
TERMINUS AL ANDALOUS,33.4633429,-7.64422,1
TERMINUS AL HAMD,33.5120555,-7.5138924,1
TERMINUS AL HAMD,33.5120672,-7.5140204,1
TERMINUS AL OULFA 1,33.5511138,-7.6844698,3
TERMINUS AL OULFA 1,33.5512177,-7.6843247,3
TERMINUS AL QODS,33.6145778,-7.4912896,1
TERMINUS AL QODS,33.6146182,-7.491608,1
TERMINUS ANASSI,33.5913228,-7.4908799,4
TERMINUS ANASSI,33.5919063,-7.4899476,4
TERMINUS BEN ABID,33.489265,-7.8852999,1
TERMINUS BERNOUSSI,33.6134026,-7.5041221,7
TERMINUS BERNOUSSI,33.6134415,-7.5041771,7
TERMINUS BOUCHENTOUF,33.5702114,-7.6010839,7
TERMINUS BOUCHENTOUF,33.5706326,-7.6007126,7
TERMINUS BOULEVARD PARIS,33.5952657,-7.6241678,1
TERMINUS CASA PORT,33.5980904,-7.6126691,1
TERMINUS CASA PORT 2,33.5999237,-7.6142458,1
TERMINUS CINEMA RIF,33.5966108,-7.6154971,9
TERMINUS COMMUNE SIDI BELYOUT,33.5951384,-7.6266175,4
TERMINUS COMMUNE SIDI BELYOUT,33.595306,-7.6262847,4
TERMINUS DAOULIZ,33.6027943,-7.6593551,1
TERMINUS DAR LHAMRA,33.5706946,-7.6708242,3
TERMINUS DAR LHAMRA,33.5708124,-7.6707299,3
TERMINUS DOHA,33.5912189,-7.516572,5
TERMINUS DOHA,33.5913467,-7.5169244,5
TERMINUS EL FATH II,33.6694523,-7.3912266,1
TERMINUS EL HANK,33.6024873,-7.6537531,1
TERMINUS EL HANK,33.602965,-7.6539415,1
TERMINUS EL MANSOURIA,33.6187533,-7.4793037,1
TERMINUS EL MANSOURIA,33.6189216,-7.4793217,1
TERMINUS EL OULFA,33.5570036,-7.6898797,2
TERMINUS ELFADL,33.5583211,-7.5087099,2
TERMINUS FACULTE BEN M'SIK,33.5659996,-7.5429504,4
TERMINUS FACULTE BEN M'SIK,33.5661345,-7.5431623,3
TERMINUS FACULTE DES LETTRES,33.7026268,-7.3745498,6
TERMINUS FACULTE DES LETTRES,33.7027125,-7.373858,6
TERMINUS FACULTES MOHAMMEDIA,33.7055993,-7.3561821,4
TERMINUS FACULTES MOHAMMEDIA,33.7057054,-7.3562987,4
TERMINUS FARAH SALAM,33.5326472,-7.6997839,1
TERMINUS FERARA,33.5545321,-7.6868015,3
TERMINUS FERARA,33.5553688,-7.6855875,3
TERMINUS GARE ONCF MOHAMMEDIA,33.6953543,-7.3891553,8
TERMINUS GARE ONCF MOHAMMEDIA,33.6953635,-7.3889658,8
TERMINUS GARE OULED ZIANE,33.5756858,-7.5899168,2
TERMINUS GARE OULED ZIANE,33.5757185,-7.5900117,2
TERMINUS HARBILI,33.6306273,-7.4912276,1
TERMINUS HAY EL FALAH,33.5563691,-7.5479535,4
TERMINUS HAY EL FALAH,33.557674,-7.5491607,2
TERMINUS HAY EL FARAH,33.5660907,-7.5879946,3
TERMINUS HAY EL FARAH,33.566603,-7.5878554,3
TERMINUS HAY EL WAHDA,33.5425995,-7.5435612,1
TERMINUS HAY EL WAHDA,33.5430464,-7.5439703,1
TERMINUS HAY HASSANI,33.5710491,-7.679185,5
TERMINUS HAY HASSANI II,33.56609,-7.683295,3
TERMINUS HAY HASSANI II,33.5662808,-7.6835367,3
TERMINUS HAY LMASJID,33.5623131,-7.6076178,7
TERMINUS HAY LMASJID,33.5625129,-7.6073254,7
TERMINUS HAY SALAM,33.5447496,-7.6732072,3
TERMINUS HOPITAL SOFI,33.6026247,-7.6331906,4
TERMINUS HOUPHEIT BOIGNY,33.5984623,-7.6148278,3
TERMINUS HOUPHEIT BOIGNY,33.5985946,-7.615048,1
TERMINUS JAMILA,33.541956,-7.5794639,4
TERMINUS JAMILA,33.542164,-7.5796719,2
TERMINUS JAMILA II,33.5472353,-7.5848993,3
TERMINUS JAMILA II,33.5473949,-7.5844959,3
TERMINUS KASBAT LAMINE,33.5336207,-7.6850188,2
TERMINUS KHIAYTA,33.4675785,-7.7850543,1
TERMINUS LA GARE ROUTIERE,33.5732478,-7.5879286,3
TERMINUS LAHRAOUIYINE 1,33.5322094,-7.5198241,2
TERMINUS LISSASFA,33.5313567,-7.6739437,6
TERMINUS LISSASFA,33.5315492,-7.674105,6
TERMINUS LMKANSA II,33.5248617,-7.5627982,2
TERMINUS LMKANSA II,33.5249881,-7.5623948,2
TERMINUS LMZABIENNE,33.5156432,-7.5936017,1
TERMINUS MAARIF,33.5824796,-7.6406724,2
TERMINUS MAARIF,33.5825535,-7.6403384,2
TERMINUS MAARIF 2,33.5855713,-7.6412213,1
TERMINUS MANDAROUNA,33.530391,-7.6172875,2
TERMINUS MANDAROUNA,33.530541,-7.617031,2
TERMINUS MEDIOUNA,33.4503425,-7.496403,1
TERMINUS MEDIOUNA,33.4505607,-7.4957015,1
TERMINUS MEDIOUNA 1,33.4544579,-7.5182536,1
TERMINUS MOSQUEE EL HOSNA,33.5436159,-7.5818989,6
TERMINUS MOSQUEE EL HOSNA,33.5440605,-7.5818199,6
TERMINUS MOSQUEE SALMIA,33.538202,-7.5539697,3
TERMINUS MOSQUEE SALMIA,33.5384403,-7.5542379,3
TERMINUS MOSQUEE TARIQ,33.6078866,-7.5150212,6
TERMINUS MOSQUEE TARIQ,33.6080931,-7.5151601,5
TERMINUS MOULAY RACHID,33.5657321,-7.5285749,5
TERMINUS MOULAY RACHID,33.5657487,-7.5288849,5
TERMINUS MOULAY YOUSSEF,33.5988294,-7.6314899,4
TERMINUS MOULAY YOUSSEF,33.5999614,-7.6323545,5
TERMINUS MUSEE ALSA,33.5782397,-7.6340532,2
TERMINUS MUSEE ALSA,33.5787981,-7.6351301,5
TERMINUS NAHDA,33.7000371,-7.3522044,1
TERMINUS NAIM 2,33.5648165,-7.4995552,1
TERMINUS NAIM 2,33.5651052,-7.4995099,1
TERMINUS NASSIM,33.5180918,-7.6584958,1
TERMINUS OUAD DAHAB,33.5409567,-7.5730338,3
TERMINUS OUAD DAHAB,33.5412447,-7.5727261,3
TERMINUS OULAD AHMED,33.4957223,-7.7267839,1
TERMINUS OULAD AHMED,33.4958232,-7.7269719,1
TERMINUS OULAD SALEH,33.3761991,-7.6925133,1
TERMINUS PLACE LA CONCORDE,33.5962803,-7.6218917,11
TERMINUS PLACE LA CONCORDE,33.5965096,-7.6213949,8
TERMINUS PLACE MEKOUAR,33.6149867,-7.5368335,1
TERMINUS PLACE NATIONS UNIES,33.5944424,-7.6194357,4
TERMINUS PLACE OUAD LMAKHAZIN,33.5946956,-7.6229452,2
TERMINUS PLACE SIDI MAAROUF,33.5645448,-7.6038639,6
TERMINUS PLACE SIDI MAAROUF,33.5650232,-7.6040505,6
TERMINUS PLACE SRAGHNA,33.5695281,-7.6011233,1
TERMINUS PLACE SRAGHNA 2,33.5672993,-7.5995841,3
TERMINUS PORT MOHAMMEDIA,33.7088339,-7.4017855,1
TERMINUS QUARTIER DES HOPITAUX,33.5770858,-7.6248393,1
TERMINUS QUARTIER SHEMS,33.7086853,-7.3505986,1
TERMINUS QUARTIER SHEMS,33.7087995,-7.3508121,1
TERMINUS RACHIDIA,33.6872581,-7.3803593,2
TERMINUS RACHIDIA,33.687489,-7.3808756,1
TERMINUS RACHIDIA 3,33.6801905,-7.375883,1
TERMINUS RACHIDIA 3,33.6802433,-7.3757592,1
TERMINUS RAHMA,33.5379516,-7.7270464,2
TERMINUS RAHMA,33.5380862,-7.7274154,2
TERMINUS RIAD AL OULFA,33.5538131,-7.7009745,3
TERMINUS RIAD AL OULFA,33.5542551,-7.7006066,3
TERMINUS RIAD AL OULFA III,33.54949,-7.7046528,2
TERMINUS ROND POINT NAPOLEON,33.5634706,-7.6335498,1
TERMINUS SAKANI,33.6038575,-7.481966,1
TERMINUS SAKANI,33.6041453,-7.4823912,1
TERMINUS SALMIA,33.5367883,-7.5505828,4
TERMINUS SALMIA,33.5368166,-7.5504024,3
TERMINUS SIDI HAJJAJ,33.5401777,-7.4143265,1
TERMINUS SIDI LKHADIR,33.5691969,-7.6843286,6
TERMINUS SIDI MAAROUF,33.5081218,-7.6574373,2
TERMINUS SIDI MOUSSA BEN ALI,33.562732,-7.3738919,1
TERMINUS TACHAROUK,33.5696775,-7.5228648,6
TERMINUS TACHAROUK,33.5697932,-7.5229128,5
TERMINUS TAH,33.5329937,-7.5831696,1
TERMINUS TAH,33.5331402,-7.583206,1
TERMINUS TIT MELLIL,33.5507161,-7.4862559,3
TERMINUS TRAM 1 SIDI MOUMEN,33.5889785,-7.4991896,4
TERMINUS TRAM 1 SIDI MOUMEN,33.589043,-7.4989767,4
TERMINUS TRAM 2 BERNOUSSI,33.6104457,-7.5063608,6
TERMINUS TRAM 2 BERNOUSSI,33.610621,-7.5066364,7
TERMINUS VILLE ENNASR,33.4129226,-7.6758222,1
TERMINUS VILLE ENNASR,33.4129577,-7.6756585,1
TERMINUS ZAOUIA,33.3842434,-7.6206666,1
TERMINUS ZI BERNOUSSI,33.623155,-7.507558,1
TERMINUS ZI BERNOUSSI,33.6232248,-7.5076246,1
TERMINUS ZI OULAD SALEH,33.4215535,-7.6392303,1
TERMINUS ZOUBIR,33.5407785,-7.6832071,3
TERMINUS ZOUBIR,33.5408712,-7.6831117,3
TERRAIN LAARBI  ZAOULI,33.5970706,-7.5446398,1
TERRAIN LAARBI  ZAOULI,33.5972544,-7.544749,1
THEATRE MY RACHID,33.563077,-7.554103,4
THEATRE MY RACHID,33.5631022,-7.5535496,3
TIKIOUIN,33.5778402,-7.5533828,1
TRIBUNAL ADMINISTRATIF,33.5600151,-7.5662171,4
TRIBUNAL ADMINISTRATIF,33.5600804,-7.5663053,4
TRIBUNAL AIN SEBAA,33.5993166,-7.5310346,2
TRIBUNAL AIN SEBAA,33.5993435,-7.5307109,3
TRIBUNAL DE 1ER INSTANCE,33.5538744,-7.6661078,2
TRIBUNAL DE 1ER INSTANCE,33.553909,-7.6658774,2
TWIN CENTER,33.5874506,-7.6323462,3
TWIN CENTER,33.5882785,-7.6336439,3
UNIVERSITE INTERNATIONALE,33.4970264,-7.6080373,1
UNIVERSITE INTERNATIONALE,33.4970493,-7.6085117,1
VICTORIA CITY,33.4179164,-7.6725529,1
VICTORIA CITY,33.4179869,-7.6722292,1
VILLE DEROUA,33.3897544,-7.5361451,1
VILLE VERTE,33.4918411,-7.6090228,1
VILLE VERTE,33.491864,-7.609421,1
VILLE VERTE II,33.4743545,-7.6008719,1
VILLE VERTE II,33.4744771,-7.600606,1
WILAYA GRAND CASABLANCA,33.5906964,-7.6192948,3
ZONE INDUSTRIEL BOUSKOURA,33.4422459,-7.6450733,1
ZONE INDUSTRIEL BOUSKOURA,33.4422688,-7.6453626,1
ZONE INDUSTRIEL CHELLALATE,33.6221374,-7.442085,1
ZONE INDUSTRIEL CHELLALATE,33.6224304,-7.4420416,1
ZONE INDUSTRIEL CHELLALATE 1,33.6291533,-7.4315233,1
ZONE INDUSTRIEL CHELLALATE 1,33.6291533,-7.4311457,1
ZONE INDUSTRIEL MOHAMMEDIA T1,33.6641066,-7.406948,1
ZONE INDUSTRIEL MOHAMMEDIA T1,33.6642132,-7.407156,1
ZONE INDUSTRIEL MOHAMMEDIA T2,33.6611101,-7.4111942,1
ZONE INDUSTRIEL MOHAMMEDIA T2,33.6612132,-7.4114022,1
ZONE INDUSTRIEL ZENATA,33.6535642,-7.4422909,2
ZONE INDUSTRIEL ZENATA,33.6540357,-7.4422938,2
ZONE INDUSTRIELLE OKACHA,33.6126177,-7.55824,1
ZONE INDUSTRIELLE OKACHA,33.6127406,-7.5583196,1
ZONE LOGISTIQUE LAHRAOUYINE,33.5541372,-7.5110683,1
ZONE URBAINE 16 BEN MSIK,33.5544797,-7.5874892,1
ZONE URBAINE 16 BEN MSIK,33.5546295,-7.5876697,1
