name,lat,lon,nearest_bus_m,nearest_bus_km,nearest_bus_name,bus_within_500m,bus_within_1km,bus_within_2km
Clinique Badr مصحة بدر,33.594869700000004,-7.6410981,284.76377328738994,0.28476377328738994,MOSQUEE BADR,4,25,70
Hôpital Sidi Othmane,33.5585424,-7.5733008,129.571112580073,0.12957111258007298,4EME ARRONDISSEMENT,7,20,77
Polyclinique CNSS,33.54051499999999,-7.597635100000001,111.99233689902725,0.11199233689902725,POLYCLINIQUE CNSS INARA,4,15,53
Clinique Abdelmoumen,33.5652215,-7.627531099999999,80.96265369303043,0.08096265369303043,CLINIQUE ABDELMOUMEN,4,19,75
Avicenne ابن سينا,33.55435059999999,-7.610911300000001,362.2540709086885,0.3622540709086885,MOSQUEE TAHA,2,11,55
Clinique Bournazel,33.5761131,-7.548486500000001,85.88736839787607,0.08588736839787607,HAY RAJA,4,13,47
Clinique Zarhoun,33.585036499999994,-7.6142471999999985,242.069803647902,0.242069803647902,ANGLE RUE DE FLORENCE,2,13,76
Clinique les princes مصحة الأمراء,33.5878622,-7.6195697,124.15303936285872,0.12415303936285872,JARDIN LIGUE ARABE,3,20,75
Clinique Hamdani,33.57398669999999,-7.6307733,376.183861718143,0.376183861718143,PEPINIERE DERB GHALLEF,4,24,81
Clinique Hermitage,33.5688746,-7.6141718,218.42002031286643,0.21842002031286642,MOSQUEE EL HODA,2,19,70
clinique kindi,33.5844776,-7.650757999999999,87.56416939961952,0.08756416939961952,CLINIQUE NORMANDIE,7,17,53
clinique Elmouahidin,33.588085099999994,-7.5459223,95.59863270099747,0.09559863270099747,ANGLE CHEMIN DES PIVOINES,2,9,42
clinique ain saba3,33.61239739999999,-7.543484900000001,241.52989585514004,0.24152989585514004,ALLEE DES EUCALYBTUS,2,10,30
Clinique Andalouss مصحة الاندلس,33.5968647,-7.6545628,36.03163291059269,0.03603163291059269,CLINIQUE ANDALOUS,3,10,42
Akdital Clinique Ain Berja,33.58539460000001,-7.5964818,145.08060003529752,0.14508060003529752,ANGLE BOULEVARD IFNI,5,18,50
clinique firdaous,33.6050363,-7.519269200000003,219.5486930702258,0.2195486930702258,CITE DE POLICE (BERNOUSSI),1,10,39
مصحة تعاضدية رجال التعليم - كنوبس,33.592744800000006,-7.6247862,143.75661056822375,0.14375661056822375,CONSULAT D'ESPAGNE,9,24,85
Hospital CNSS,33.610752100000006,-7.500803500000001,99.47439369809544,0.09947439369809544,POLYCLINIQUE CNSS BERNOUSSI,7,15,39
Clinical Les Fleurs,33.5815871,-7.6220232,212.10535089953711,0.2121053508995371,PALMIER ABDELMOUMEN,7,26,80
مستشفى مولاي الحسن,33.6046028,-7.634031800000001,232.79620802012963,0.23279620802012962,TERMINUS HOPITAL SOFI,5,14,51
Polyclinique Atlas مصحة اطلس,33.5901639,-7.6287525,251.0565612841522,0.2510565612841522,ARRET CMC,4,30,86
Clinique Longchamps مصحة لونشون,33.581767199999994,-7.6608672,176.8746034050123,0.1768746034050123,ROYAL GOLF ANFA 2,3,10,44
Clinique Ghandi مصحة غاندي,33.579757,-7.6570106,208.43603952862998,0.20843603952862996,ECOLE LA PRAIRIE,5,15,51
Hôpital Privé International de Casablanca المستشفى الخاص الدولي للدار البيضاء,33.5819777,-7.6403102,62.43108711398083,0.06243108711398083,TERMINUS MAARIF,5,25,84
Clinique Maghreb مصحة المغرب,33.58505749999999,-7.6427795,155.41560570874356,0.15541560570874355,TERMINUS MAARIF 2,9,21,79
Clinique Al Massira مصحة المسيرة,33.5906505,-7.638654200000001,74.57056011335276,0.07457056011335275,LES ARENES,7,20,82
Clinique Les Iris مصحة السوسن,33.588337499999994,-7.6364928,222.87142633130392,0.2228714263313039,ANGLE BD ANFA/BDZERKTOUNI,8,23,86
Akdital oasis,33.56068079999999,-7.629328299999999,156.83083924967949,0.1568308392496795,PEPINIERE OASIS,7,16,59
Clinique Racine مصحة راسين,33.586981399999985,-7.636939600000001,305.5301835176481,0.3055301835176481,BOULEVARD MOHAMED SIJILMASSI,6,26,90
Clinique Le Parc,33.5636438,-7.6150157,256.3124789635721,0.2563124789635721,LYCEE MOULAY ABDELLAH,2,12,65
Clinique Rachidi,33.59328709999999,-7.628012599999999,241.0636499726251,0.24106364997262508,RUE WASHINGTON,9,26,78
Clinique Orl Beausejour,33.5686395,-7.6434901,178.51237068191617,0.17851237068191617,PTT ROUDANI,3,19,67
Clinique Val d'Anfa مصحة ڤال أنفا,33.5898915,-7.653113299999999,419.8536957544527,0.4198536957544527,DRISS SLAOUI,3,14,55
Clinique Attal,33.55864,-7.637683,138.4074651759389,0.1384074651759389,MAISON DES SOEURS,4,18,47
Clinique Maarif مصحة المعاريف,33.57604619999999,-7.635531300000001,242.31293934853562,0.24231293934853562,PEPINIERE DERB GHALLEF,8,23,88
Clinique Socrate,33.5788058,-7.647201300000001,284.78915464954537,0.28478915464954535,COMPLEXE MOHAMED V,2,20,67
Hôpital Privé de Casablanca Aîn Sebaâ,33.6123849,-7.5301441,79.80237854373621,0.07980237854373622,MIMOSAS,3,9,31
Clinique Yasmine,33.575818600000005,-7.6719778,203.6770342876895,0.20367703428768952,ROUTE AZEMMOUR,4,18,50
Centre Hospitalier Universitaire Ibn Rochd المركز الإستشفائي الجامعي إبن رشد,33.57853783736076,-7.620658876855622,290.4405068398088,0.29044050683980877,CENTRE DE L'ADDICTOLOGIE,9,23,81
Clinique Dar Salam,33.56247495921656,-7.618476445621427,105.15880156243763,0.10515880156243763,CLINIQUE DAR SALAM,1,9,68
Polyclinique CNSS Ziraoui,33.59439337112966,-7.635563271517788,267.23928585901564,0.26723928585901563,RESIDENCE SHEMSI,6,24,84
Clinic Lina,33.5198390807506,-7.651593535251406,95.52144931605358,0.09552144931605358,COMMISSARIAT SIDI MAAROUF,3,12,31
Clinique Le Littoral,33.581245921255054,-7.675180503735034,471.42900181722615,0.47142900181722613,ROUTE AZEMMOUR,1,6,41
Clinic Guess,33.58104810313267,-7.675443551227193,465.94810558571226,0.46594810558571226,ROUTE AZEMMOUR,1,6,41
Clinique Sidi Othmane,33.55981519485563,-7.5615639477505505,119.2796278859554,0.1192796278859554,CLINIQUE SIDI OTHMANE,6,15,60
Hopital 20 Aout,33.574652934552425,-7.619653458168499,182.02650343664183,0.18202650343664184,HOPITAL 20 AOUT,7,20,77
Polyclinique de la Sécurité sociale,33.57085276501952,-7.622950527578939,142.98862616687356,0.14298862616687355,LYCEE LAHLOU,4,17,77
Clinique El Amine,33.57041568223584,-7.620489196179961,306.5464947057403,0.3065464947057403,LYCEE LAHLOU,3,17,76
Hôpital du Cheikh Khalifa Ben Zayd Al-Nahyan,33.55242937139909,-7.6683673842327,114.84011579225461,0.1148401157922546,HOPITAL CHEIKH KHALIFA,2,8,57
Clinical Abbadi,33.56966106189876,-7.661638730921235,88.83489744204527,0.08883489744204527,CLINIQUE ABBADI,3,13,54
Clinique CIL,33.569146679299365,-7.660837763378024,29.418797070028454,0.029418797070028455,CLINIQUE ABBADI,2,13,53
International Clinic,33.56944737439043,-7.618755862439232,342.2983702043407,0.3422983702043407,GENDARMERIE MY IDRISS I,2,17,72
Clinique Riviera,33.56669850001627,-7.638882850027072,156.80564071656534,0.15680564071656533,ANGLE BOLEVARD STENDAL GHANDI,5,22,62
Cinique Al Karim Medecine Physique,33.561652609656235,-7.617353722887663,200.3392689736316,0.20033926897363158,CLINIQUE DAR SALAM,2,9,67
Cinique Multidisciplinaire,33.56314485869003,-7.635495524635421,183.11893792017378,0.18311893792017378,ECOLE EL OUADGHIRI,6,23,57
Clinique Californie,33.546672268691346,-7.6308459270772016,108.27760391891437,0.10827760391891436,BOULEVARD DE LA MECQUE,2,8,33
Hopital Sidi Othmane,33.55854720556028,-7.5730264646667935,127.85804596116859,0.1278580459611686,4EME ARRONDISSEMENT,7,19,75
Hôpital Sekkat,33.54605773943877,-7.588622488077647,382.4038829667336,0.3824038829667336,HAY JAMILA 2,3,22,72
HOPITAL UNIVERSITAIRE DE PROXIMITE,33.54050707960877,-7.597637266137161,111.2425636051889,0.1112425636051889,POLYCLINIQUE CNSS INARA,4,15,53
Centre de Santé Derb el Kheir,33.5498334343254,-7.591374791701641,90.80871503601382,0.09080871503601383,MOSQUEE YACOUT,5,21,70
Polyclinique ِCNSS Sidi Bernoussi,33.61074841298405,-7.500801741294186,99.86058572966853,0.09986058572966852,POLYCLINIQUE CNSS BERNOUSSI,7,15,39
Clinique Ain Chock,33.54914320176087,-7.602540026227011,31.167174765385145,0.031167174765385143,CLINIQUE AIN CHOC,8,17,59
Ajial Hôpital Pédiatrique,33.55210972506478,-7.608269259633504,138.33313719229278,0.1383331371922928,PANORAMIQUE,3,14,56
Centre Hospitalier Préfectoral de Ben M'Sick,33.55233793198779,-7.577997816932463,77.71366778763601,0.07771366778763601,RUE BEN KACEM ADDAHMANI,3,23,78
Polyclinique CNSS Hay Hassani مصحة الضمان الإجتماعي الحي الحسني,33.56712676339928,-7.668455630399424,79.32923022255343,0.07932923022255343,POLYCLINIQUE CNSS OUM RABIA,5,20,55
Hôpital Municipal sidi moumen Tacharouk,33.57527123070483,-7.524914619282542,246.93544324092161,0.24693544324092162,OFPPT SIDI MOUMEN,3,11,43
Clinique Adoha,33.59704415596668,-7.522044369876583,192.0195814739619,0.1920195814739619,BOULEVARD IMAM ALI,1,11,34
Hôpital général de Casablanca Azhar-Bernoussi,33.59923321543063,-7.483485369743223,104.18332225225053,0.10418332225225053,BOULEVARD AL MAGHRIB AL ARABI,4,8,29
Clinique Al Amal,33.57255343106101,-7.553163115267273,96.12764159000335,0.09612764159000335,HAY SADRI,1,12,55
Complexe Medico-Social Al Wouroud,33.5604183443511,-7.609498781254182,127.95141643522562,0.12795141643522562,MOSQUEE SONNA,5,16,66
Clinique Les Crêtes,33.54951355000996,-7.62409200000114,90.61866428351912,0.09061866428351913,KRIMATE,5,8,34
Avicenne Clinique des Spécialistes,33.55435080480775,-7.611018798099777,358.61475157439537,0.3586147515743954,MOSQUEE TAHA,2,12,55
Clinique Mersultan,33.580651693234664,-7.613818164413027,297.2185738908976,0.29721857389089756,LYCEE MOHAMED V,4,15,79
hopital hassani,33.5584440469472,-7.68731139737092,219.03226771214224,0.21903226771214224,COLLEGE MOULOUYA,5,20,68
ATLANTIC CLINIC CASABLANCA,33.591292580511514,-7.5903533304946915,310.37228687165026,0.31037228687165025,GARE DE CASA VOYAGEURS,2,11,43
Clinique Al Mouahhidine,33.580251571665066,-7.566585414833268,278.018653959188,0.278018653959188,OULED HARRES,3,10,48
Clinique Taha مصحة طه,33.55592913515372,-7.625772247092183,340.64680835739557,0.3406468083573956,LES JARDINS DE BALI,4,14,49
HGC Hôpital Général de Casablanca,33.59840290086962,-7.488992379115019,66.58161656155129,0.06658161656155129,BACHAOUIAT AL AZHAR,5,10,32
Hôpital AL mansour,33.60752031789352,-7.50316335979685,87.85615850114552,0.08785615850114552,HOPITAL EL MANSOUR,5,12,42
Clinique Jerrada Oasis,33.55639592548778,-7.632356354256379,188.22524178634063,0.18822524178634062,GARE ONCF DE L'OASIS,5,14,48
مستشفى الوفاء,33.575036555386376,-7.553735143925716,308.4458138697848,0.3084458138697848,HAY SADRI,4,12,50
المركز الصحي المسيرة 2 (المستوى التاني),33.572502133136695,-7.546941357778492,399.4443909504366,0.3994443909504366,BOUZIANE,2,16,51
Hôpital Bouafi,33.55910413132996,-7.609979730290242,275.64083277401505,0.2756408327740151,HOPITAL BOUAFI,4,17,63
Hôpital Moulay Youssef مستشفى مولاي يوسف,33.602689403020634,-7.632351824576385,78.15145647433837,0.07815145647433837,TERMINUS HOPITAL SOFI,6,16,56
Hôpital Mohammed V مستشفى محمد الخامس,33.589365908252454,-7.551654023582984,498.20011372669245,0.49820011372669243,RESIDENCE ELMOUAHIDINE,1,8,41
Institut Pasteur معهد باستور,33.57389811973825,-7.623646874251736,202.16511582140214,0.20216511582140215,INSTITUT PASTEUR,7,20,79
