stop_name,primary_mode,num_lines,latitude,longitude,health_facilities_500m
112 Boulevard D'Anfa,casabus,4,33.5920589,-7.633954600000001,3
112 Boulevard D'Anfa,casabus,4,33.59213689999999,-7.6335241,2
4EME ARRONDISSEMENT,casabus,3,33.55712969999998,-7.572611299999999,2
4EME ARRONDISSEMENT,casabus,3,33.5576585,-7.5734718999999995,2
ABATOIRS MUNICIPAUX,casabus,2,33.549595300000014,-7.549733100000001,0
ABATOIRS MUNICIPAUX,casabus,2,33.5497557,-7.549414,0
ABOUAB AL OULFA,casabus,2,33.545315099999996,-7.706726800000002,0
ABOUAB AL OULFA,casabus,2,33.5457429,-7.7056403,0
ABRAR MEDIOUNA,casabus,2,33.470773850068646,-7.527509700059236,0
ACADEMIE D'EDUCATION,casabus,4,33.56937380000001,-7.667661000000001,1
ACADEMIE D'EDUCATION,casabus,4,33.569796,-7.6679979,1
ACCES PLAGE N13,casabus,1,33.58446339999999,-7.6897968,0
ACCES PLAGE N13,casabus,1,33.58497520000001,-7.689253700000001,0
AEROPORT ANFA,casabus,2,33.5660598,-7.652416900000001,0
AEROPORT TIT MELLIL,casabus,2,33.6026176,-7.467708400000001,0
AEROPORT TIT MELLIL,casabus,2,33.60272869999999,-7.4682084,0
AEROPORT TIT MELLIL 2,casabus,1,33.59511965002129,-7.471304049914195,0
AGENCE BANQUAIRE AZHAR,casabus,1,33.6021263,-7.483252800000001,1
AGENCE BANQUAIRE AZHAR,casabus,1,33.60241049999999,-7.4828351,1
AIN ABBOU,casabus,1,33.5803387500408,-7.376069300026374,0
AIN DIAB,casabus,1,33.591878099999995,-7.676855,0
AIN DIAB,casabus,1,33.591935,-7.676270299999999,0
AIN GUEDDID,casabus,1,33.55205325005287,-7.734409749952729,0
AIN HARROUDA CENTRE,casabus,1,33.63416379999999,-7.4552827000000015,0
AIN HARROUDA CENTRE,casabus,1,33.634218300000015,-7.4558809,0
AL ADARISSA,casabus,3,33.58065705000965,-7.540804699969264,0
AL ARSA MEDIOUNA,casabus,1,33.42977830000001,-7.522487800000001,0
AL ARSA MEDIOUNA,casabus,1,33.42983559999999,-7.522806900000001,0
AL ARSAT BOUSKOURA,casabus,1,33.47924750000789,-7.664317500011236,0
AL AZHARI II,casabus,2,33.548072899999994,-7.6833362,0
AL GHOFRANE,casabus,1,33.521858350009175,-7.525086150043863,0
AL HOUDA,casabus,1,33.5856727,-7.525586400000001,0
AL HOUDA,casabus,1,33.5860812,-7.525398999999999,0
AL KHALIL,casabus,1,33.5478094000177,-7.598769599923832,1
AL MADINA LJADIDA1,casabus,1,33.5550768,-7.533223899999999,0
AL MADINA LJADIDA1,casabus,1,33.5554624,-7.533008500000001,0
AL MASSIRA 1 DEROUA,casabus,1,33.400864600000006,-7.534330300000001,0
AL WATTASSINE,casabus,2,33.55167269999999,-7.7048607,0
AL WATTASSINE,casabus,2,33.5520617,-7.703944,0
ALLEE DES CITRONNIERS,casabus,1,33.61300570000492,-7.528091949979511,1
ALLEE DES EUCALYBTUS,casabus,1,33.6105241,-7.5419354,1
ALLEE DES EUCALYBTUS,casabus,1,33.6109583,-7.541652000000001,1
ALLEE DES MIMOSAS,casabus,2,33.60583790003966,-7.526871399938705,0
ALLEE LES JARDINS,casabus,1,33.61887445005124,-7.54039589990396,0
AMGALA 1,casabus,1,33.6168433,-7.4999219,0
AMGALA1,casabus,1,33.6169522,-7.5002358000000005,0
ANAPEC SIDI MOUMEN,casabus,3,33.580832950014525,-7.543532550056246,0
ANGLE ALLEE DES CYPRES,casabus,2,33.60389285004351,-7.546747900105759,0
ANGLE AVENUE MEKNES,casabus,2,33.5390181,-7.593080500000001,2
ANGLE AVENUE MEKNES,casabus,2,33.5391718,-7.5927794,2
ANGLE BD ANFA/BDZERKTOUNI,casabus,3,33.58984225006136,-7.634900350064792,3
ANGLE BD BALTI BEN MEKKI,casabus,2,33.60330330000001,-7.5812864,0
ANGLE BD BALTI BEN MEKKI,casabus,2,33.60342940000001,-7.580425099999999,0
ANGLE BD IFNI,casabus,2,33.5840948,-7.597297800000001,1
ANGLE BD STENDAL / GHANDI,casabus,2,33.566080300076436,-7.637222999989798,2
ANGLE BD TAHIRI EL BEKAY,casabus,1,33.6156539,-7.551508100000001,0
ANGLE BD TAHIRI EL BEKAY,casabus,1,33.61600909999999,-7.5517579,0
ANGLE BOULEVARD ABOU REGREG,casabus,2,33.56582220000001,-7.676654,0
ANGLE BOULEVARD ABOU REGREG,casabus,2,33.567038700000005,-7.6768778,0
ANGLE BOULEVARD AL BINA,casabus,1,33.625116850001234,-7.50514325001057,0
ANGLE BOULEVARD AL HOUCEIMA,casabus,1,33.549749999999996,-7.616644299999999,0
ANGLE BOULEVARD AL HOUCEIMA,casabus,1,33.550292,-7.6159074,0
ANGLE BOULEVARD C AIN SEBAA,casabus,1,33.6227809,-7.5259892,0
ANGLE BOULEVARD C AIN SEBAA,casabus,1,33.62310179999999,-7.5264418,0
ANGLE BOULEVARD IFNI,casabus,2,33.584354299999994,-7.5974301,1
ANGLE BOULEVARD MAADAN,casabus,1,33.634003150006855,-7.50791834997339,0
ANGLE BOULEVARD RAMALLAH,casabus,1,33.533309,-7.613565200000001,0
ANGLE BOULEVARD RAMALLAH,casabus,1,33.5339624,-7.612790200000001,0
ANGLE BOULEVARD TAH/ MOHAMED6,casabus,1,33.5354271,-7.576947100000002,0
ANGLE CHEMIN DES PIVOINES,casabus,1,33.58894030006734,-7.54579115008201,1
ANGLE MOHAMED 6/11 JANVIER,casabus,1,33.697507150033694,-7.365999249915719,0
ANGLE N9 / P3015,casabus,1,33.5109808,-7.498043100000001,0
ANGLE N9 / P3015,casabus,1,33.51110740000001,-7.497619100000002,0
ANGLE N9 / P3016,casabus,1,33.527964399999995,-7.4946249,0
ANGLE N9 / P3016,casabus,1,33.52817579999999,-7.4943453,0
ANGLE OUED DAHAB / AL JOULANE,casabus,3,33.5461329,-7.564226100000001,0
ANGLE OUED DAHAB / AL JOULANE,casabus,3,33.546548,-7.564309,0
ANGLE POMME D'OR,casabus,1,33.54971070000171,-7.62019370000748,1
ANGLE ROUTE N1/P3032,casabus,1,33.509078550011765,-7.705281399951264,0
ANGLE RUE BEN LARBI,casabus,4,33.579653699999994,-7.6541056,1
ANGLE RUE BEN LARBI,casabus,4,33.5799482,-7.6539647,1
ANGLE RUE DE DAX,casabus,2,33.59983000004079,-7.589352449957288,0
ANGLE RUE DE FLORENCE,casabus,3,33.58351439999999,-7.6121334,1
ANGLE RUE DE FLORENCE,casabus,3,33.58366909999999,-7.612449600000002,1
ANGLE RUE DE LA VICTOIRE,casabus,2,33.601405400100845,-7.585566099966999,0
ANGLE RUE ENNAKHIL,casabus,1,33.5533734,-7.6440311,0
ANGLE RUE ENNAKHIL,casabus,3,33.5537971,-7.644282700000001,0
ANGLE RUE MAAMOURA,casabus,2,33.605585300018824,-7.575439049963113,0
ANGLE RUE RIF,casabus,1,33.699105750030505,-7.392924550024478,0
ANGLE RUE SOURZAC,casabus,3,33.5983504000264,-7.581116750059907,0
ANGLE RUE TAMASKIN,casabus,9,33.575194999999994,-7.6625464999999995,0
ANGLE RUE TIZNIT,casabus,4,33.68499205002686,-7.402870549928768,0
ANNEXE FARAH SALAM,casabus,1,33.5400886,-7.691138500000002,0
ANNEXE FARAH SALAM,casabus,1,33.5403764,-7.6910331,0
AQUAPARC,casabus,1,33.523139,-7.786701,0
AQUAPARC A,casabus,1,33.523285099999995,-7.785992200000001,0
ARCHIVE I,casabus,2,33.51293470002353,-7.655987150039139,0
ARRET BATA,casabus,4,33.58531180002482,-7.577508450096609,0
ARRET BEAULIEU,casabus,2,33.60440765000089,-7.539128349989229,0
ARRET BENJDIA,casabus,3,33.584945050006525,-7.607130549955814,0
ARRET BRADAA,casabus,2,33.699930300067294,-7.370539149984997,0
ARRET CARDO,casabus,1,33.424691450061125,-7.524356599935122,0
ARRET CASCADE 1,casabus,1,33.64351395000357,-7.408257800022018,0
ARRET CHAABI 1,casabus,1,33.3717377,-7.544577600000002,0
ARRET CHAABI 1,casabus,1,33.372041399999986,-7.5446699000000015,0
ARRET CHTAIBA,casabus,2,33.565383700000005,-7.5713302,0
ARRET CMC,casabus,1,33.58779650000001,-7.6274868,1
ARRET CMC,casabus,1,33.5891961,-7.6263578,3
ARRET EL BIR,casabus,1,33.39248049999999,-7.6021358,0
ARRET EL BIR,casabus,1,33.39278479999999,-7.6019622,0
Avenue Hassan II,tram,4,33.584097100008925,-7.623026599970159,1
ARRET ISCAE,casabus,1,33.526762899999994,-7.6357358,0
ARRET KM15,casabus,1,33.632336099999996,-7.471064799999999,0
ARRET KM15,casabus,1,33.63238419999998,-7.470185400000001,0
ARRET KOREA,casabus,2,33.562236999999996,-7.595775400000001,0
ARRET KOREA,casabus,2,33.562522,-7.5959144,0
ARRET L'AUBERGE 1,casabus,1,33.65139755005223,-7.476517399877146,0
ARRET LAARJA,casabus,2,33.659777050045946,-7.438649800014683,0
ARRET LAMJADBA 1,casabus,1,33.61422290000636,-7.360776199975877,0
ARRET LFARFARA,casabus,2,33.54317180010094,-7.710343999990191,0
ARRET MDAKRA,casabus,2,33.5816649000151,-7.5625784999374215,1
ARRET METRO,casabus,4,33.538383599999996,-7.643208499999999,0
ARRET PALMERIE 1,casabus,1,33.48654615000471,-7.60060200003836,0
ARRET PERLA,casabus,1,33.39254325000884,-7.56083989994369,0
ARRET RACHAD,casabus,9,33.56646115009423,-7.609295500025493,0
ARRET TADLA,casabus,1,33.6890681,-7.392106699999999,0
ARRET TADLA,casabus,1,33.6891901,-7.3917918,0
ARRET TAJ 1,casabus,1,33.38622925000536,-7.558438599962487,0
TIKIOUIN,casabus,1,33.57796190001938,-7.553320100090683,1
ARRET TIYANA 1,casabus,1,33.44406045001352,-7.519707799977578,0
ARRONDISSEMENT GHANDI,casabus,5,33.57550100000483,-7.6518262500335315,0
ARRONDISSEMENT LAYMOUNE,casabus,2,33.5377127,-7.6685707,0
ARRONDISSEMENT LAYMOUNE,casabus,2,33.53797410000001,-7.6680424,0
ARRONDISSEMENT SALAM II,casabus,1,33.58486660001235,-7.480071750057821,0
ASSOCIATION BAYTI,casabus,1,33.61983020000001,-7.4908789,0
ASSOCIATION BAYTI,casabus,1,33.6199373,-7.4912112,0
ATLANTA SPORT,casabus,2,33.53962610000262,-7.681533949991192,0
AUDA ANFA,casabus,1,33.561412,-7.6699889,0
AUTOROUTE A7,casabus,1,33.48202169999998,-7.629021200000001,0
AUTOROUTE A7,casabus,1,33.482390800000005,-7.6288971,0
AV 10 MARS,casabus,1,33.555367299999986,-7.5571919,0
AV 10 MARS,casabus,1,33.5556457,-7.5571008,0
AVENUE 6 NOVEMBRE 1975,casabus,3,33.55170379999999,-7.587151800000001,1
AVENUE 6 NOVEMBRE 1975,casabus,3,33.552,-7.5871501,1
AVENUE ABOU BAKR EL KADIRI,casabus,2,33.52759010000253,-7.649507899983227,0
AVENUE DES FAR,casabus,9,33.5968,-7.613134100000001,0
AVENUE HACHMI FILALI,casabus,1,33.524362199999985,-7.6166775,0
AVENUE HACHMI FILALI,casabus,1,33.524488299999994,-7.617004100000001,0
AVENUE JOUDAR,casabus,1,33.56139315004013,-7.525561800069062,0
AVENUE MOHAMED BOUZIANE,casabus,3,33.563909450021185,-7.556696849908918,0
AVENUE PASTEUR,casabus,5,33.5959919,-7.6019597,0
AVENUE PASTEUR,casabus,5,33.596227,-7.602487700000001,0
AVENUE REDA GUEDIRA,casabus,3,33.55550390001845,-7.57365205007084,2
AVENUE TADDART,casabus,1,33.53973299999999,-7.617909300000002,0
AVENUE TADDART,casabus,1,33.5404795,-7.6183981,0
AZBANE 1,casabus,4,33.536480299999994,-7.6651715,0
AZBANE 1,casabus,4,33.5369043,-7.6652872,0
AZHAR OULFA,casabus,2,33.543791200006325,-7.687170199991888,0
Angle Avenue Lahraouiyine,casabus,3,33.5537148,-7.576782400000002,1
Angle Avenue Lahraouiyine,casabus,3,33.553943999999994,-7.576226100000001,1
Angle Boulevard Tah/ Mohamed 6,casabus,1,33.5357259,-7.576808399999999,0
BAB AL BAIDA,casabus,1,33.476441200019615,-7.660854850047834,0
BACHAOUIA BOUSKOURA,casabus,3,33.4710004,-7.6381359,0
BACHAOUIA BOUSKOURA,casabus,3,33.4714095,-7.6386802,0
BACHAOUIAT AL AZHAR,casabus,1,33.598999750000765,-7.489071450004651,1
BASATINE AL FIRDAOUS,casabus,1,33.66784000000242,-7.358955050019607,0
BASATINE AL GHOFRANE,casabus,1,33.52308855000423,-7.521930599984074,0
BASSATINE AL OULFA,casabus,1,33.55033715001992,-7.69748320008258,0
BAYTI SAKAN 1,casabus,1,33.68536335000183,-7.342074300016061,0
BD HASSAN 2 MOHAMMEDIA 01,casabus,5,33.6915899,-7.3944385,0
BD HASSAN 2 MOHAMMEDIA 01,casabus,5,33.69188700000001,-7.393535699999999,0
BD HASSAN 2 MOHAMMEDIA 03,casabus,4,33.68766120004172,-7.39937079989511,0
BEAUSEJOUR,casabus,2,33.56445440000001,-7.6462215,0
BEAUSEJOUR,casabus,2,33.5649259,-7.646543499999998,1
BEN HAMOU,casabus,1,33.4581684,-7.516753600000001,0
BEN HAMOU,casabus,1,33.45836320000001,-7.517085999999999,0
BENI MGUILD,casabus,1,33.5711141,-7.604315000000001,0
BLOC 33 LALLA MERIEM,casabus,5,33.560364050005695,-7.552811049973547,0
BNI YAKHLEF,casabus,1,33.6642642,-7.3409352,0
BNI YAKHLEF 2,casabus,1,33.6611444,-7.3425011,0
BOULEVARD 9 AVRIL,casabus,1,33.58226379999999,-7.628301500000001,0
BOULEVARD 9 AVRIL,casabus,1,33.5826329,-7.6293945,0
BOULEVARD ABDELHADI BOUTALEB,casabus,1,33.57600745000919,-7.6767091499456175,1
BOULEVARD ABDELMOUMEN,casabus,4,33.57918250000001,-7.6253022,2
BOULEVARD ABDELMOUMEN,casabus,4,33.580195700000004,-7.624611800000001,2
BOULEVARD ABDELMOUMEN 2,casabus,2,33.578079999999986,-7.625376000000001,2
BOULEVARD ABDERRAHIM BOUABID,casabus,2,33.5624467,-7.6430536,0
BOULEVARD ABDERRAHIM BOUABID,casabus,2,33.5627332,-7.6431092,0
BOULEVARD ABOU HOURAIRA,casabus,2,33.56169259999999,-7.572305200000001,2
BOULEVARD ABOU HOURAIRA,casabus,2,33.56227839999998,-7.572077700000001,2
BOULEVARD ABOU HOURAIRA 2,casabus,1,33.5635313,-7.5694865,0
BOULEVARD ABOU HOURAIRA 2,casabus,1,33.5636387,-7.569904700000001,0
BOULEVARD AFGHANISTAN,casabus,4,33.57149010000931,-7.67610319998024,0
BOULEVARD AHL LOGHLAM,casabus,1,33.59989770008981,-7.503758650062265,0
BOULEVARD AHL LOGHLAM AZHAR,casabus,1,33.597739200024286,-7.489595699898958,1
BOULEVARD AHL LOGHLAM SAKANI,casabus,1,33.5978813000082,-7.484230299950411,2
BOULEVARD AHMED MEKOUR,casabus,1,33.614924550001646,-7.536812749985891,0
BOULEVARD AL MAGHRIB AL ARABI,casabus,1,33.599285,-7.484843300000001,2
BOULEVARD AL MAGHRIB AL ARABI,casabus,1,33.6000534,-7.484116800000001,2
BOULEVARD AL QODS,casabus,3,33.5416111,-7.591284599999999,0
BOULEVARD AL QODS,casabus,3,33.54180879999999,-7.5916049,0
BOULEVARD AMGALA,casabus,3,33.5403694,-7.5791858,0
BOULEVARD AMGALA,casabus,3,33.5405456,-7.578865100000002,0
BOULEVARD ANOUAL,casabus,4,33.56957145001145,-7.627391199951738,2
BOULEVARD BEN BARKA,casabus,1,33.6036367,-7.6518743,0
BOULEVARD BEN BARKA,casabus,1,33.6039197,-7.6518181,0
BOULEVARD BORDEAUX,casabus,5,33.59791570000876,-7.6295701500088615,0
BOULEVARD BOUALAM,casabus,1,33.56138445000272,-7.536664499973698,0
BOULEVARD CHEFCHAOUNI,casabus,1,33.627955850041516,-7.500551549886359,0
BOULEVARD DAKHLA,casabus,1,33.5333817000036,-7.600812000007234,0
BOULEVARD DAKHLA 2,casabus,1,33.543584800000005,-7.5766643,0
BOULEVARD DAKHLA 2,casabus,1,33.5438997,-7.577113300000001,0
BOULEVARD DE BOURGOGNE,casabus,1,33.59504650000585,-7.6506793999743685,1
BOULEVARD DE BOUSKOURA,casabus,2,33.5573617,-7.649074800000001,0
BOULEVARD DE GAZA,casabus,3,33.56868335008557,-7.58429419992433,0
BOULEVARD DE LA MECQUE,casabus,4,33.54598605001916,-7.631675749974737,1
BOULEVARD DE LA RESISTANCE,casabus,1,33.589095,-7.603987,0
BOULEVARD DE LA RESISTANCE,casabus,1,33.58930699999999,-7.6037109,0
BOULEVARD DE MAKRO,casabus,1,33.59497930002471,-7.528426799894602,0
BOULEVARD DE RIYAD,casabus,1,33.6731691000421,-7.393864799934656,0
BOULEVARD DE TEMARA,casabus,1,33.54973570000001,-7.5992451999999995,1
BOULEVARD DES FACULTES,casabus,2,33.54212035000063,-7.677332199994776,0
BOULEVARD DRISS EL HARTI,casabus,3,33.5481079,-7.572958299999999,0
BOULEVARD DRISS EL HARTI,casabus,3,33.5484006,-7.572813400000001,0
BOULEVARD DU NIL,casabus,4,33.55827100000455,-7.569085899988194,2
BOULEVARD EL HARTI,casabus,3,33.543869900001795,-7.580326500015327,0
BOULEVARD EL YAZIDI,casabus,1,33.601394050010555,-7.5155848500390965,0
BOULEVARD FATIMA ZAROUAL,casabus,1,33.523836500001075,-7.596666099995871,0
BOULEVARD HAJ FATEH,casabus,1,33.5386461,-7.6797808,0
BOULEVARD HAJ FATEH,casabus,1,33.5388552,-7.679325800000001,0
BOULEVARD HAJ FATEH 2,casabus,2,33.5511417,-7.6892307,0
BOULEVARD HAJ FATEH OULFA,casabus,2,33.5492326500342,-7.688159699979713,0
BOULEVARD HASSAN 1,casabus,1,33.593459,-7.6229835,2
BOULEVARD HASSAN 2 MOHAMMEDIA 2,casabus,2,33.69002255004117,-7.396251899909655,0
BOULEVARD HOUCINE SOUSSI,casabus,3,33.583985950000425,-7.529324050003818,0
BOULEVARD IBN TACHFINE,casabus,4,33.58479035003053,-7.573414550070315,0
BOULEVARD IBNOU SINA,casabus,7,33.5717944,-7.6684743,0
BOULEVARD IBNOU SINA,casabus,7,33.5720835,-7.668218900000002,0
BOULEVARD IBNOU SINA N43,casabus,9,33.5753223,-7.662022600000001,0
BOULEVARD IMAM ALI,casabus,5,33.597760400018586,-7.520160150072079,1
BOULEVARD LA RESISTENCE MO,casabus,1,33.6811962,-7.4056308,0
BOULEVARD LA RESISTENCE MO,casabus,1,33.681450099999985,-7.4053168000000005,0
BOULEVARD LALA ASMA,casabus,2,33.57697895003751,-7.540686950075796,0
BOULEVARD MOHAMED SIJILMASSI,casabus,1,33.58794050000001,-7.6396307,4
BOULEVARD MOHAMED V MO,casabus,1,33.7026873,-7.394259300000001,0
BOULEVARD MOHAMED V MO,casabus,1,33.7029532,-7.3945509,0
BOULEVARD MOULAY SLIMAN,casabus,1,33.611482450000246,-7.5611587500019946,0
BOULEVARD MOULAY SMAIL,casabus,3,33.59849480000116,-7.575902100010699,0
BOULEVARD NAKHIL,casabus,3,33.55242,-7.482840300000001,0
BOULEVARD NAKHIL,casabus,3,33.553202,-7.481837600000001,0
BOULEVARD NASSIBA BENT KAAB,casabus,2,33.57759570002236,-7.546429699937032,1
BOULEVARD OQBA,casabus,2,33.579632150010106,-7.559256150047924,0
BOULEVARD OUED BEHT,casabus,1,33.558512199999996,-7.677625900000001,0
BOULEVARD OUED DAHAB,casabus,3,33.543556300000006,-7.5689226,0
BOULEVARD OUED DAHAB,casabus,3,33.54356429999999,-7.5685393,0
BOULEVARD OUED DRAA,casabus,2,33.556112,-7.684743300000001,1
BOULEVARD OUED DRAA,casabus,2,33.55638989999999,-7.6845837,1
BOULEVARD OUED EDAOURA 1,casabus,2,33.54258225000962,-7.677870799996423,0
BOULEVARD OUED LAOU,casabus,2,33.560442250005785,-7.675207800042903,0
BOULEVARD OUED TENSIFT,casabus,3,33.5525804,-7.684519200000001,0
BOULEVARD OUED TENSIFT,casabus,2,33.552907499999996,-7.6846639,0
BOULEVARD PALESTINE,casabus,1,33.6862273500105,-7.374746900041967,0
BOULEVARD RACHIDI,casabus,5,33.5909199,-7.621952199999999,2
BOULEVARD ROUDANI,casabus,1,33.584754350058915,-7.6304731500376475,0
BOULEVARD SMARA,casabus,2,33.537344250007145,-7.588660450049245,0
BOULEVARD SOUR JDID,casabus,1,33.605026099999996,-7.6210778,0
BOULEVARD SOUR JDID,casabus,1,33.6052352,-7.6207587000000006,0
BOULEVARD TAH,casabus,1,33.5341683,-7.5799083,0
BOULEVARD TAH,casabus,1,33.5348302,-7.578890900000001,0
BOULEVARD TARIK IBNOU ZIAD,casabus,1,33.5768411,-7.616815,2
BOULEVARD TAZA,casabus,2,33.54438319999999,-7.5947479,0
BOULEVARD TAZA,casabus,2,33.5450965,-7.594681900000001,0
BOULEVARD ZERKTOUNI,casabus,3,33.5915415,-7.6362428,3
BOULEVARD ZERKTOUNI,casabus,3,33.5916527,-7.636585499999998,3
BOULEVARS ABDELKRIM KHATTABI,casabus,1,33.58092605000141,-7.664745499989933,1
BOUSKOURA CENTRE,casabus,1,33.43762790005701,-7.6421027999979545,0
BOUZIANE,casabus,1,33.56998519999999,-7.5434502000000005,1
BOUZIANE,casabus,1,33.5704918,-7.5437363,1
BRAHMA 3,casabus,1,33.62896380006317,-7.451376050018788,0
BRAHMA II,casabus,1,33.621951250001366,-7.446327650011226,0
Boulevard Fouarate,casabus,2,33.57618140000206,-7.568907699986729,0
Boulevard Hassan El Allaoui,casabus,1,33.57979675000104,-7.58658799999584,0
Boulevard L'Ocean Atlantique,casabus,1,33.5872175,-7.6851111,0
Boulevard L'Ocean Atlantique,casabus,1,33.5873755,-7.684600400000001,0
Boulevard Mohamed Sijilmassi,casabus,1,33.588876400000004,-7.6398817,3
CARIERRE CENTRALE,casabus,2,33.59215305003014,-7.566499200086376,0
CARRIERE ARAIB,casabus,3,33.5818284500065,-7.533845549992411,0
CARRIERE BEN ABID,casabus,1,33.499899199999994,-7.8746248,0
CARRIERE BEN ABID,casabus,1,33.50055580000001,-7.8743263,0
CARRIERE BEN M'SIK,casabus,1,33.5579318,-7.5794702,0
CARRIERE BENMSICK,casabus,1,33.557494600000005,-7.5791201,0
CARRIERE RHAMNA,casabus,4,33.5900003,-7.5189355,0
CARRIERE RHAMNA,casabus,4,33.5902896,-7.518923400000001,0
CARRIERE SCHNEIDER,casabus,4,33.56449669999999,-7.6678834,1
CARRIERE SCHNEIDER,casabus,2,33.565191,-7.6679128,1
CASERNE AIN BORJA,casabus,3,33.58683755001856,-7.590950000064061,1
CASERNE DEROUA,casabus,1,33.40847860002747,-7.533419000007065,0
CASERNE MLY YOUSSEF,casabus,2,33.61768985002452,-7.458502449961276,0
CASERNE NOUACEUR,casabus,1,33.39860170000343,-7.579750950030131,0
CENTRE COMMERCIAL EMILE ZOLA,casabus,4,33.59362305007853,-7.596993900060902,0
CENTRE CULTUREL,casabus,4,33.5257386,-7.650623100000001,0
CENTRE CULTUREL,casabus,4,33.52631079999998,-7.650336700000001,0
CENTRE D'HEMODIALYSE 2 MARS,casabus,3,33.552250300025456,-7.603453400027661,2
CENTRE DE L'ADDICTOLOGIE,casabus,2,33.57634480003,-7.618947299964385,2
CENTRE DE MAINTENANCE TRAMWAY,casabus,1,33.57705285006585,-7.517086249957114,0
CENTRE DE SANTE OUHOUDE,casabus,2,33.59738960000517,-7.645761349970549,0
CENTRE DE SANTE RIAD,casabus,1,33.6844925,-7.3839128,0
CENTRE DE SANTE RIAD,casabus,1,33.6845807,-7.384319,0
CENTRE DE SANTE VECTORIA,casabus,1,33.4242092,-7.674089600000001,0
CENTRE DE SANTE VECTORIA,casabus,1,33.424495699999994,-7.673983000000001,0
CENTRE DPK (ALSA),casabus,2,33.57395890000075,-7.5748470000039045,0
CENTRE EMERGENT,casabus,1,33.452739150038695,-7.499990600026067,0
CENTRE FEMININ,casabus,5,33.56191185001094,-7.601941900055963,0
CENTRE NOUR,casabus,3,33.47818465007769,-7.637736550001755,0
CENTRE OFPPT ESSAFA,casabus,1,33.55219265000688,-7.692724849963234,0
CENTRE SIDI MOUMEN,casabus,1,33.58030150001625,-7.543744799989894,0
CHARCOMEM,casabus,1,33.505615,-7.5006283,0
CHARCOMEM,casabus,1,33.50571240000001,-7.5002032,0
CHATEAU EL QODS,casabus,1,33.60879730000483,-7.501116800031444,3
CHATEAU MEDIOUNA,casabus,2,33.4577168,-7.522434999999999,0
CHATEAU MEDIOUNA,casabus,2,33.4577673,-7.5219641,0
CHEFCHAOUNI,casabus,1,33.6211044,-7.5111609999999995,0
CHEFCHAOUNI,casabus,1,33.6213926,-7.511048700000001,0
CHELLAL,casabus,1,33.621833800000005,-7.4517229,0
CHELLAL,casabus,1,33.6219581,-7.4513093,0
CHICHANE,casabus,3,33.54020439999999,-7.5412847,0
CHICHANE 1,casabus,3,33.5401323,-7.5409673999999995,0
CHTAIBA,casabus,2,33.5656633,-7.5709881,0
CIMETIERE SBATA,casabus,3,33.5467914,-7.564159400000003,0
CIMETIERE SBATA,casabus,3,33.54775189999999,-7.565837500000001,0
CIMETIERE SIDI MOUMEN,casabus,1,33.577975600012486,-7.519207050007948,0
CINEMA EL FALAH,casabus,2,33.55910289999999,-7.5506172000000005,0
CINEMA EL FALAH,casabus,4,33.55931259999999,-7.5503599,0
CINEMA EL OTHMANIA,casabus,2,33.56027410000001,-7.5746348,2
CINEMA EL OTHMANIA,casabus,2,33.560583,-7.5748833,2
CINEMA MEGARAMA,casabus,1,33.594939400000406,-7.66988159999897,0
CINEMA SAHRA,casabus,6,33.55109475000104,-7.599143299988132,1
CINEMA VERDIN,casabus,5,33.59598745001,-7.6259217000177255,2
CITE CHEMINOT,casabus,2,33.59951790000347,-7.568397250022106,0
CITE DE POLICE (BERNOUSSI),casabus,6,33.603085200062274,-7.51967289996664,1
CITE DE POLICE IBN SINA,casabus,1,33.56615289999999,-7.6811608,0
CITE DE POLICE IBN SINA,casabus,1,33.5664506,-7.680701600000001,0
CITE PLATEAU,casabus,2,33.568148800065366,-7.636635000071026,1
CITY AIN SEBAA,casabus,1,33.5988593,-7.539333900000001,0
CITY AIN SEBAA,casabus,1,33.5991378,-7.5394253,0
CLINIQUE ABBADI,casabus,2,33.56899845001672,-7.661100650054883,2
CLINIQUE ABDELMOUMEN,casabus,2,33.56528089999999,-7.626545199999999,1
CLINIQUE ABDELMOUMEN,casabus,2,33.56555439999999,-7.626836599999999,1
CLINIQUE AIN CHOC,casabus,3,33.549329100019406,-7.602288199985721,1
CLINIQUE ANDALOUS,casabus,1,33.5965952000568,-7.654779799918884,1
CLINIQUE BEN SOUDA,casabus,1,33.58592879999999,-7.6526718,2
CLINIQUE BEN SOUDA 2,casabus,1,33.58548129999999,-7.653903099999999,2
CLINIQUE CIL,casabus,2,33.567305399999995,-7.658211200000001,2
CLINIQUE DAR SALAM,casabus,5,33.56193830000001,-7.619310500000001,3
CLINIQUE DAR SALAM,casabus,6,33.56209379999999,-7.619625300000001,3
CLINIQUE DENTAIRE,casabus,1,33.58735625003733,-7.647287800115898,2
CLINIQUE FDALA,casabus,1,33.69640250001597,-7.391760050037237,0
CLINIQUE NORMANDIE,casabus,3,33.58393780000001,-7.6495485,1
CLINIQUE NORMANDIE,casabus,4,33.58399059999999,-7.650533500000001,1
CLINIQUE RIVIERA,casabus,4,33.5674345000074,-7.640753050037199,2
CLINIQUE SARA,casabus,2,33.57003499999999,-7.6668932000000005,2
CLINIQUE SARA,casabus,2,33.57039360000001,-7.666837600000001,2
CLINIQUE SIDI OTHMANE,casabus,3,33.56088685002457,-7.561451199930044,1
CLUB ESSAKHI,casabus,1,33.62588205002848,-7.330532050038029,0
CNSS DAR LAMANE,casabus,3,33.59372996666865,-7.5574297666812456,0
COLIS POSTAUX,casabus,10,33.596195399999985,-7.6055365,0
COLIS POSTAUX,casabus,3,33.59635800000001,-7.604903999999999,0
COLLEGE BNO TOUMART,casabus,1,33.567920799999996,-7.5486216,0
COLLEGE BNO TOUMART,casabus,1,33.5682279,-7.548639900000001,1
COLLEGE BOUSKOURA,casabus,2,33.44669400000001,-7.6477623999999995,0
COLLEGE BOUSKOURA,casabus,2,33.4467078,-7.6481354999999995,0
COLLEGE EL HASSAN ELYOUSSI,casabus,1,33.555465799999986,-7.535457300000003,0
COLLEGE IBNO ABBAD,casabus,2,33.545779,-7.6864119,0
COLLEGE IBNO ABBAD 2,casabus,2,33.545470699999996,-7.686061100000002,0
COLLEGE IDRISS I,casabus,2,33.45528070010242,-7.641615500027761,0
COLLEGE MOULOUYA,casabus,2,33.5586861,-7.689653200000001,1
COLLEGE TABARI,casabus,1,33.526770800049476,-7.661370899949678,0
COLLEGE YAAKOUB EL MANSOUR,casabus,1,33.68132399999999,-7.387898299999999,0
COLLEGE YAAKOUB EL MANSOUR,casabus,1,33.681553199999996,-7.3882633,0
COLLEGE ZINEB NEFZAOUIA,casabus,2,33.56347300002004,-7.5875657500875935,0
COMMISARIAT LAHRAOUIYINE,casabus,2,33.552090500008646,-7.532119550030527,0
COMMISSARIAT AL AZHAR,casabus,1,33.60235180003224,-7.49144465004402,1
COMMISSARIAT NASSIM,casabus,1,33.52155690001338,-7.657092700011397,0
COMMISSARIAT RIAD AL OULFA,casabus,3,33.558940300028354,-7.693005249935236,0
COMMISSARIAT SIDI MAAROUF,casabus,3,33.5198146,-7.652388400000001,1
COMMISSARIAT SIDI MAAROUF,casabus,3,33.52105829999999,-7.652281,1
COMMUNE DAR BOUAAZZA,casabus,1,33.5129604,-7.819659800000001,0
COMMUNE DAR BOUAAZZA,casabus,1,33.5132182,-7.8198942,0
COMPLEXE MOHAMED V,casabus,3,33.58136185002015,-7.647925750058257,2
COMPLEXE CULTUREL,casabus,1,33.6335393,-7.4607361,0
COMPLEXE CULTUREL,casabus,1,33.633837299999996,-7.460951000000001,0
COMPLEXE EDUCATIF HASSAN II,casabus,2,33.55863130000001,-7.5876816,0
COMPLEXE EDUCATIF HASSAN II,casabus,2,33.5589185,-7.5874869,0
COMPLEXE KAMAL ZEBDI,casabus,4,33.55668015000356,-7.571748999992235,2
CONSULAT D'ESPAGNE,casabus,1,33.5914556,-7.624951,3
CONSULAT DE LA RUSSIE,casabus,1,33.5781466,-7.629994299999999,1
CONSULAT DE LA RUSSIE,casabus,1,33.578192699999995,-7.6306317,1
COUR D'APPEL,casabus,5,33.59523295004263,-7.603491249902285,0
TERMINUS HAY SALAM,casabus,3,33.544853650027555,-7.673129450094538,0
Cite des Métiers,casabus,1,33.3999091,-7.555360900000002,0
Cite des Métiers,casabus,1,33.400012,-7.5549853,0
DAR 16,casabus,1,33.50184930001299,-7.718141999970353,0
DAR BOUAAZZA,casabus,1,33.5078037,-7.83333,0
DAR BOUAAZZA,casabus,1,33.507874099999995,-7.8341831,0
DAR DAW,casabus,1,33.65789120000205,-7.348098900018122,0
DAR LAMANE,casabus,2,33.5939819,-7.554219899999999,0
DAR LAMANE,casabus,2,33.59414559999999,-7.5545086,0
DAR LKBIRA,casabus,1,33.503546699999994,-7.8455581,0
DAR LKBIRA,casabus,1,33.50375290000001,-7.8458509,0
DAR LMIMA,casabus,1,33.5319405,-7.5304373,0
DAR LMIMA,casabus,3,33.5321987,-7.530565100000001,0
DAR LMOAMIN,casabus,5,33.5896346,-7.6026095,0
DAR LMOAMIN,casabus,5,33.5897081,-7.6030560000000005,0
DAR LMOHAMI,casabus,3,33.59102089999998,-7.603821099999999,0
DAR LMOHAMI,casabus,3,33.59251280000001,-7.6035737,0
DAR NESSRANIA,casabus,2,33.507477150065704,-7.631779249977393,0
DAR TALIBA,casabus,1,33.56281705000794,-7.561687949942855,1
DAR TOUZANI,casabus,1,33.55180519999998,-7.5895193,1
DAR TOUZANI,casabus,1,33.551887099999995,-7.590033199999999,1
DAR ZWAQ,casabus,1,33.5174833,-7.8002698,0
DAR ZWAQ,casabus,1,33.51777319999999,-7.8008691,0
DERB BOUCHENTOUF,casabus,7,33.56752470000001,-7.605421599999999,0
DERB BOUCHENTOUF,casabus,7,33.5684962,-7.6042223,0
DERB CHABAB C,casabus,1,33.690099400066906,-7.3830568000227474,0
DERB FOUKARA,casabus,7,33.566535266691986,-7.607230833335233,0
DERB JAMILA,casabus,1,33.57100669999999,-7.6842854,0
Derb Sultan,tram,8,33.5720590000177,-7.595981800024271,0
DERB KABIR,casabus,7,33.5723447,-7.595344300000001,0
DERB LAHJAR,casabus,3,33.55052555000131,-7.569193150011934,0
DERB LOUBILA,casabus,1,33.60459485000103,-7.636895900000399,2
DERB MARRAKECH,casabus,1,33.685618300061996,-7.394808450042349,0
DERB MILA,casabus,3,33.57084485001937,-7.581086199938015,0
DERB MILAN,casabus,2,33.570700800000004,-7.5792204,0
DERB MILAN,casabus,3,33.5709265,-7.579023799999999,0
DERB MOULAY CHRIF,casabus,1,33.59314009999999,-7.5695036,0
DERB MOULAY CHRIF,casabus,1,33.593875700000005,-7.5694973,0
DIRECTION  T. REGIONALE CASA,casabus,1,33.5417001,-7.6886425,0
DIRECTION  T. REGIONALE CASA,casabus,1,33.5419119,-7.6889481,0
DOUAR AL MOUMNATE,casabus,2,33.503985450079924,-7.543557450047016,0
DOUAR CHRIF,casabus,2,33.671644500000006,-7.40663,0
DOUAR CHRIF,casabus,2,33.67167139999999,-7.407123900000001,0
DOUAR EL WAHDA,casabus,2,33.6770979,-7.411045800000001,0
DOUAR EL WAHDA,casabus,2,33.6772388,-7.4104986,0
DOUAR FOUKRA,casabus,1,33.49042705000908,-7.732383399968847,0
DOUAR KHOUADRA,casabus,4,33.54067930000294,-7.631466549975448,0
DOUAR KROUTA,casabus,2,33.435104599999995,-7.664612900000001,0
DOUAR KROUTA,casabus,2,33.4351813,-7.664270800000001,0
DOUAR LAATOUR,casabus,1,33.5330391,-7.6378884,0
DOUAR LAATOUR,casabus,1,33.533090699999995,-7.638490599999999,0
DOUAR LACHHAB,casabus,3,33.6750937,-7.424208400000001,0
DOUAR LACHHAB,casabus,3,33.675346299999994,-7.4244209,0
DOUAR LAHFAYA,casabus,2,33.51728620000001,-7.5557681,0
DOUAR LAHFAYA,casabus,2,33.5175669,-7.5556174,0
DOUAR LGOUISSEM,casabus,1,33.50048250002074,-7.672757700040178,0
DOUAR LHAJ LAMLIH,casabus,1,33.665976150029095,-7.447050149892331,0
DOUAR MAATAH,casabus,1,33.47776240000288,-7.755554150022809,0
DOUAR MZAB,casabus,2,33.51137899999999,-7.547716299999999,0
DOUAR OULD LHAJ JILALI,casabus,1,33.498806,-7.8792961,0
DOUAR OULD LHAJ JILALI,casabus,1,33.49894290000001,-7.879877099999999,0
DOUAR OULED BOUAZIZ,casabus,1,33.5429318,-7.4388079,0
DOUAR RIFAI,casabus,1,33.46865640000815,-7.7814575499655865,0
DOUAR SEBT,casabus,1,33.4932449,-7.884889300000001,0
DOUAR SEBT,casabus,1,33.4934168,-7.885242300000001,0
DOUAR SIDI MASSIF,casabus,1,33.5469654,-7.4501003,0
DRABNA ROUTE DE BOUSKOURA,casabus,2,33.503126950029845,-7.630664250022893,0
DREAM VILAGE,casabus,1,33.6139470500184,-7.369963550040745,0
DRISS LAHRIZI VICTORIA,casabus,1,33.42107055003867,-7.67788774997796,0
DRISS SLAOUI,casabus,1,33.5936051,-7.6539981,2
DRISSIA 2,casabus,1,33.56497785000779,-7.5868573499509235,0
DYAR AL AMAL,casabus,1,33.49748129999999,-7.724222800000001,0
DYAR AL AMAL,casabus,1,33.4977512,-7.724015400000001,0
DYAR AL YOUSRA,casabus,1,33.67350439999999,-7.3518708,0
DYAR AL YOUSRA,casabus,1,33.673686,-7.3524293,0
DYAR EL ALIA,casabus,1,33.67456710004615,-7.364600700002974,0
DYAR KENZA,casabus,1,33.670905600042914,-7.353348099931533,0
ECOLE ABDELKRIM EL KHATTABI,casabus,4,33.56574410003516,-7.529780100091762,0
ECOLE ABDELLAH HADDAOUI,casabus,1,33.5383596,-7.424803100000001,0
ECOLE AJIAL SALAM,casabus,1,33.4608751,-7.5160501,0
ECOLE AJIAL SALAM,casabus,1,33.460975899999994,-7.516350900000001,0
ECOLE AL AJIAL,casabus,3,33.55746130000001,-7.6813346000000005,0
ECOLE AL AJIAL,casabus,3,33.5575313,-7.681834900000001,0
ECOLE BAB ANDALOUS,casabus,1,33.53665640001138,-7.606297399961967,0
ECOLE BELFKIH,casabus,1,33.5292887,-7.5242639,0
ECOLE BELFKIH,casabus,1,33.529444399999996,-7.523939100000001,0
ECOLE CAMELIA,casabus,3,33.540719300000006,-7.6682277999999995,0
ECOLE CAMELIA 1,casabus,3,33.54261839999999,-7.6674272,0
ECOLE EL AKHAWAIN,casabus,4,33.56153570000001,-7.565881900000001,1
ECOLE EL AKHAWAIN,casabus,4,33.5620055,-7.5659787000000005,1
ECOLE EL ANOUAR,casabus,1,33.52155750008464,-7.663209999986169,0
ECOLE EL GHAZOUANI,casabus,1,33.6542374,-7.4698158,0
ECOLE EL GHAZOUANI,casabus,1,33.654657500000006,-7.4702078,0
ECOLE EL IBRAHIMI,casabus,2,33.5563029,-7.681593,0
ECOLE EL JABRE,casabus,1,33.489517200033596,-7.608033000051623,0
ECOLE EL KHALIL,casabus,1,33.56017860000001,-7.6391448,2
ECOLE EL KHALIL,casabus,2,33.56030390000001,-7.6400416,1
ECOLE EL KHALIL A,casabus,1,33.561194,-7.640608299999999,1
ECOLE EL OUADGHIRI,casabus,3,33.5635749,-7.6331289,2
ECOLE EL OUADGHIRI,casabus,4,33.564010399999994,-7.634232700000001,1
ECOLE ESSAFA,casabus,1,33.638032599999995,-7.4175025,0
ECOLE ESSAFA,casabus,1,33.638174199999995,-7.416745,0
ECOLE GEORGES BIZET,casabus,5,33.5780999,-7.654454900000001,1
ECOLE GEORGES BIZET,casabus,5,33.5782638,-7.654906399999999,1
ECOLE GPH,casabus,1,33.68301999999999,-7.3774011,0
ECOLE GPH,casabus,1,33.6833007,-7.377853199999999,0
ECOLE HASSANIA(EHTP),casabus,1,33.545533,-7.650325600000001,0
ECOLE IBNO KATIR,casabus,2,33.51034645001891,-7.6569157999958195,0
ECOLE KAOUKABI,casabus,1,33.575224250019446,-7.6800835499318385,0
ECOLE LA PRAIRIE,casabus,9,33.57788230006289,-7.656843450009721,1
ECOLE LAARBI ELBENNAY,casabus,3,33.55372630000001,-7.681328299999999,0
ECOLE LAARBI ELBENNAY,casabus,3,33.5541789,-7.680985100000001,0
ECOLE LE NID,casabus,3,33.58643419999999,-7.5867049,0
ECOLE LE NID,casabus,3,33.586551099999994,-7.586152000000001,0
ECOLE LE PONT,casabus,1,33.54759790000001,-7.629066000000001,1
ECOLE LE PONT,casabus,1,33.548086099999985,-7.627784299999999,2
ECOLE MOULAY ABDELLAH,casabus,1,33.67498225003463,-7.391945099956139,0
ECOLE NORMALE SUPERIEURE,casabus,2,33.5399106,-7.6594935,0
ECOLE NORMALE SUPERIEURE,casabus,2,33.539971900000005,-7.659903699999999,0
ECOLE OULAD HMIMOUN 1,casabus,2,33.667077450088755,-7.433461050030677,0
ECOLE RIAD BOUSKOURA,casabus,2,33.460282600020314,-7.640959150003913,0
ECOLE ROYALE DES GENDARMES,casabus,1,33.6267458,-7.4806109,0
ECOLE ROYALE DES GENDARMES,casabus,1,33.62699610000001,-7.4807901999999995,0
EL AALIA,casabus,1,33.6777808,-7.392126200000001,0
EL AALIA,casabus,1,33.6779708,-7.392415899999999,0
EL FATH VICTORIA,casabus,1,33.42357465002963,-7.676980699974906,0
ESPACE LES PALMIERS,casabus,1,33.582472200000495,-7.626134049994788,1
ESSAFA,casabus,1,33.63547710000001,-7.4208931,0
ESSAFA,casabus,1,33.63563320000001,-7.4212263,0
ESSAFA 3,casabus,1,33.640182,-7.4135587,0
ESSAFA 3,casabus,1,33.640489099999996,-7.413859,0
FACULTE AIN CHOC,casabus,5,33.54219725000954,-7.601249750002195,2
FACULTE MEDECINE,casabus,2,33.57595335001482,-7.6212900999761874,2
FACULTE ROUTE D'EL JADIDA,casabus,2,33.5428745,-7.6536562,0
FACULTE ROUTE D'EL JADIDA,casabus,2,33.54431829999999,-7.652735400000003,0
FARRAN LHALWA,casabus,2,33.5472772,-7.546689000000001,0
FARRAN LHALWA,casabus,2,33.5474639,-7.546426,0
FERAILLE DE TIT MELLIL,casabus,1,33.549142599999996,-7.461883800000001,0
FERAILLE MEDIOUNA,casabus,1,33.45252905000702,-7.519002200030256,0
FIRDAOUS II,casabus,2,33.56087385006037,-7.669306199964999,0
FORCE AUXILIAIRE,casabus,1,33.5967411,-7.596383300000001,0
FORCE AUXILIAIRE,casabus,1,33.59705339999999,-7.596344900000001,0
FORET BOUSKOURA,casabus,2,33.4874809,-7.634360100000001,0
FORET BOUSKOURA,casabus,2,33.4875382,-7.6337568,0
FORET OULAD SALH,casabus,2,33.44021305006014,-7.660506749939729,0
FORET RAYAN,casabus,1,33.403548300000004,-7.5565209,0
FORET RAYAN,casabus,1,33.4037603,-7.5561571,0
FORET VERTE,casabus,3,33.56882710000001,-7.5336095,0
FORET VERTE,casabus,2,33.5690758,-7.533953800000001,0
FOUM LAHCEN,casabus,1,33.59145845004087,-7.5694599999482515,0
FOURRIERE BEN M'SIK,casabus,4,33.56563780004718,-7.578128000051031,0
Gare De Ain Sbaa,tram,3,33.60749970002704,-7.524292933350449,0
GARE BOUSKOURA,casabus,1,33.461768600019084,-7.652608250032139,0
GARE DE CASA VOYAGEURS,casabus,1,33.589703150037174,-7.593106650048015,1
Gare Oasis,tram,4,33.554914050021104,-7.630942099952195,2
GARE ONCF DE L'OASIS,casabus,3,33.5556905,-7.6308004,2
GAREAGE ALLAL,casabus,2,33.5771356500696,-7.599716499986136,0
GENDARMERIE AIN HARROUDA,casabus,2,33.636438500000004,-7.449338299999997,0
GENDARMERIE AIN HARROUDA,casabus,2,33.63676509999999,-7.449356000000001,0
GENDARMERIE MY IDRISS I,casabus,6,33.57211710006209,-7.616903799930112,4
GENERAL 1,casabus,1,33.62857895000412,-7.51627634997802,0
GRANDE POSTE,casabus,5,33.59311499999999,-7.6191029000000015,0
GRANDE ZENATA,casabus,1,33.6484626,-7.4819688,0
GRANDE ZENATA,casabus,1,33.64883159999999,-7.482057,0
GREEN TOWN,casabus,1,33.48261850001104,-7.59081820004655,0
GROUPE 3 MOULAY RACHID,casabus,1,33.565285750000534,-7.542999400004118,0
GROUPE 3 SIDI MOUMEN JDID,casabus,1,33.57910835002441,-7.543717049915997,0
GROUPE 4 MOULAY RACHID,casabus,3,33.5675039,-7.5397432,0
GROUPE 4 MOULAY RACHID,casabus,2,33.5679987,-7.539311,0
GROUPE 5 MOULAY RACHID,casabus,2,33.57105249999999,-7.531599,0
GROUPE 5 MOULAY RACHID,casabus,1,33.57120949999999,-7.5311303,0
GROUPE 6 MOULAY RACHID,casabus,1,33.57166370000001,-7.5267949,1
GROUPE SCOLAIRE ALAMJAD,casabus,2,33.54330270000036,-7.673501400003281,0
HAJ FATEH,casabus,2,33.542534800038254,-7.684356199992497,0
HAMAM SKOURA,casabus,1,33.56880720002827,-7.689571650042331,0
HAMMAM EL FAN,casabus,1,33.55165219999999,-7.581280200000002,1
HAMMAM LHAJJA,casabus,4,33.56940819999999,-7.560166699999999,0
HAMMAM LHAJJA,casabus,3,33.5696946,-7.559998200000001,0
HAY ADIL,casabus,2,33.58098189999999,-7.570242100000001,1
HAY ADIL,casabus,1,33.58106209999999,-7.5698554,1
HAY BARAKA,casabus,1,33.5730256,-7.5379513,0
HAY BARAKA2,casabus,1,33.5727404,-7.537703900000001,0
HAY BIN LMDOUN,casabus,3,33.55719740005932,-7.600856299964713,0
HAY BOURNAZIL,casabus,3,33.56998660002075,-7.557753549950444,0
HAY CHIFA,casabus,4,33.57230735000527,-7.583550249957756,0
HAY CHRIFA,casabus,1,33.52924265002887,-7.592879700033257,0
HAY CHRIFA II,casabus,1,33.53095695000057,-7.599522299995361,0
HAY CHRIFA SANIA,casabus,1,33.53533899999999,-7.6089639,0
HAY CHRIFA SANIA,casabus,1,33.53567699999999,-7.608674200000001,0
HAY DAKHLA,casabus,1,33.57247670000001,-7.6079444,0
HAY EL BARAKA,casabus,3,33.57075890005041,-7.53471030007644,0
HAY EL BARAKA GH6,casabus,5,33.5679837,-7.683914500000001,0
HAY EL HANA,casabus,5,33.57236235000198,-7.669540400017437,1
HAY EL HANA,casabus,4,33.5726877,-7.669999599999999,1
HAY EL MASSIRA,casabus,5,33.563002499999996,-7.5480658,0
HAY EL MASSIRA,casabus,4,33.5633176,-7.5482262,0
HAY EL WAHDA,casabus,2,33.54386860000001,-7.543278200000001,0
HAY EL WAHDA,casabus,2,33.5439287,-7.543599,0
HAY EL WAHDA MO,casabus,1,33.68221209999999,-7.382896400000001,0
HAY EL WAHDA MO 2,casabus,1,33.68203489999999,-7.382522100000001,0
HAY ENNASR 2,casabus,2,33.53217159999999,-7.5704627,0
HAY ENNASR 2,casabus,2,33.532624299999995,-7.570550900000001,0
HAY ENNOUR,casabus,1,33.55214495006443,-7.552813050093178,0
HAY HAKAM,casabus,2,33.587083899999996,-7.595429300000003,1
HAY HAKAM,casabus,2,33.587273,-7.595083300000001,1
HAY INARA 2,casabus,2,33.541717100039115,-7.593791399937864,2
HAY JAMILA 2,casabus,3,33.549218150001984,-7.586973150018077,2
HAY JAMILA 4,casabus,1,33.547419000019076,-7.57070879994044,0
HAY LMASJID 2,casabus,3,33.56200150000254,-7.6051089500221245,1
HAY MASJID 1,casabus,1,33.384248250019844,-7.538460999955014,0
HAY MOULAY RACHID,casabus,4,33.56800785001307,-7.531975400059694,0
HAY MOURAD,casabus,4,33.574895950012724,-7.56471625006448,0
HAY NAIM,casabus,2,33.56625459999999,-7.504896900000003,0
HAY NAIM,casabus,2,33.5665262,-7.504849900000002,0
HAY NAIM SIDI MOUMEN,casabus,2,33.56766795001659,-7.511721050073366,0
HAY NAJAH,casabus,1,33.5137178000033,-7.651138299986946,0
HAY NASSIM,casabus,1,33.51989600007732,-7.665739000047278,0
HAY NASSIM II,casabus,1,33.5141464,-7.665743300000001,0
HAY NASSIM II,casabus,1,33.51416759999999,-7.6661226,0
HAY RACHIDIA 1,casabus,1,33.68811925002881,-7.378029100048422,0
HAY RAJA,casabus,3,33.57595990000924,-7.54939364996166,2
HAY SADRI,casabus,3,33.57227580004601,-7.554144299887832,1
HAY SALAM 1,casabus,2,33.5481654,-7.6723391,0
HAY SALAM 1,casabus,2,33.54855429999999,-7.672342200000001,0
HAY SALAMA,casabus,5,33.566415,-7.5575053,0
HAY SALAMA,casabus,5,33.5674028,-7.55777,0
HAY SALAMA ( MOHAMMEDIA ),casabus,6,33.700725500014265,-7.378815799938705,0
HAY TISSIR,casabus,2,33.57257659999999,-7.578850799999999,0
HAY TISSIR,casabus,2,33.572941,-7.579200300000001,0
HOPITAL 20 AOUT,casabus,1,33.5741445,-7.6177886,2
HOPITAL AL HASSANI,casabus,4,33.560763550056365,-7.685120749918998,1
HOPITAL BOUAFI,casabus,5,33.558057850014755,-7.6072861000230985,2
HOPITAL CHABAB,casabus,1,33.68949295000961,-7.38708930001946,0
HOPITAL CHEIKH KHALIFA,casabus,1,33.55125919999999,-7.668307700000001,1
HOPITAL CHEIKH KHALIFA,casabus,1,33.5515472,-7.668091100000001,1
HOPITAL EL MANSOUR,casabus,1,33.607469699999996,-7.504337700000001,3
HOPITAL EL MANSOUR,casabus,1,33.6074914,-7.5038806,3
HOPITAL MY ABDELLAH,casabus,6,33.69834479999999,-7.3832534,0
HOPITAL MY ABDELLAH,casabus,6,33.69865519999999,-7.383424,0
HOPITAL SALMIA,casabus,4,33.53992879999999,-7.557692600000003,0
HOPITAL SALMIA,casabus,4,33.5402308,-7.5577525,0
IBNO CHAHID,casabus,2,33.57880089999999,-7.633824000000001,1
IMMEUBLE 400,casabus,1,33.58025615003305,-7.634920749966224,1
INSTITUT AGRICOLE,casabus,1,33.6192913000003,-7.34385674999847,0
INSTITUT PASTEUR,casabus,2,33.574222450090865,-7.625790400044762,2
INSTITUT TARIK BNOU ZIAD,casabus,2,33.53515300001709,-7.574384600067571,0
ISCAE,casabus,1,33.5270184,-7.6363958,0
ISTA BOULEVARD AFGHANISTAN,casabus,5,33.56900069999999,-7.681755099999999,0
ISTA HAY HASSANI,casabus,1,33.569720399999994,-7.6834798,0
JAMAL DORA,casabus,1,33.5390563,-7.576145900000001,0
JAMAL DORA,casabus,1,33.53947110000001,-7.5759385,0
JAMAL DORA 2,casabus,1,33.54127989999999,-7.578593000000001,0
JARDIN 20 AOUT (GARE),casabus,3,33.69144245005093,-7.391026050027584,0
JARDIN AL MOSTAKBAL,casabus,3,33.52292490000001,-7.651819800000001,1
JARDIN AL MOSTAKBAL,casabus,3,33.5233452,-7.6516009,1
JARDIN ALESCO,casabus,7,33.549781200000005,-7.5670124,0
JARDIN ALESCO,casabus,3,33.55029199999999,-7.567867199999999,0
JARDIN ANASSI,casabus,4,33.58968320000213,-7.494996400019504,0
JARDIN EL WAHDA,casabus,1,33.6795846000397,-7.385511299941348,0
JARDIN LALLA MERIEM,casabus,5,33.5569962,-7.5582094,1
JARDIN LALLA MERIEM,casabus,4,33.55727405001343,-7.558059099991443,1
JARDIN LIGUE ARABE,casabus,5,33.58863505004235,-7.620537849978722,1
JARDIN MESBAHYATE,casabus,1,33.67311265004165,-7.396722699990539,0
JAWADI,casabus,3,33.55222805000043,-7.583806299997717,0
JAWHARAT AL MADINA,casabus,1,33.55769169999999,-7.5292798,0
JAWHARAT AL MADINA,casabus,1,33.55791169999999,-7.5295391,0
JNANE OULFA,casabus,2,33.53211355006971,-7.678598650039727,0
JNANE SBIT,casabus,1,33.5518814,-7.470788099999999,0
KHAYRIAT SIDI OTHMAN,casabus,1,33.56538369999999,-7.5539363,0
KHAYRIAT SIDI OTHMAN,casabus,1,33.565752700000004,-7.553783900000001,0
KIADAT MEDIOUNA,casabus,2,33.46335255005936,-7.524016150121537,0
KISARIAT HAY MOHAMMADI,casabus,1,33.58582189999999,-7.563375200000002,0
KISARIAT HAY MOHAMMADI,casabus,1,33.5859887,-7.5630088,0
KISSARIAT AKHMASSI,casabus,2,33.5731289,-7.597554999999999,0
KISSARIAT AKHMASSI,casabus,2,33.5731725,-7.597970400000001,0
KISSARIAT AZIZA,casabus,1,33.58264345000069,-7.558014350004142,0
KOREA SEBATA,casabus,4,33.55301409999999,-7.569882299999999,0
KOREA SEBATA,casabus,2,33.553671900000005,-7.570907,0
KRIMATE,casabus,1,33.54911969999999,-7.6232367000000005,1
L'EGLISE (ZERKTOUNI),casabus,5,33.583057050002225,-7.615874499983344,1
LA FERAILLE,casabus,1,33.58281770000001,-7.581978000000001,0
LA FERAILLE,casabus,1,33.58286869999999,-7.5823579,0
Gare Oulad Ziane,tram,3,33.57594610004144,-7.585525050062078,0
LA GARE ROUTIERE,casabus,2,33.5763868,-7.586568,0
LA MORGUE AIN CHOK,casabus,1,33.554666,-7.592664799999999,0
Afriquia,tram,2,33.55476570000137,-7.592345649985204,0
LA MORGUE RAHMA,casabus,2,33.535064999999996,-7.7248064,0
LA POSTE TIT MELLIL,casabus,4,33.5558995,-7.4832201000000005,0
LA POSTE TIT MELLIL,casabus,4,33.5564805,-7.4836499,0
LAAOUINA LHARRA,casabus,3,33.60028580001838,-7.639640299959586,0
LAAOUINA MAARIF,casabus,2,33.57693110000254,-7.638083950022673,1
LABRAHMA,casabus,1,33.66883925003239,-7.380525300076875,0
LAHRAOUIYINE,casabus,2,33.54674480002734,-7.53033249998533,0
LALLA MERYEM,casabus,1,33.55846809999999,-7.5606811999999985,1
LALLA MERYEM,casabus,1,33.55848759999999,-7.5611458,1
LES ARENES,casabus,4,33.58949030000001,-7.639721500000001,3
LES ARENES,casabus,4,33.5904669,-7.637658100000001,4
LES JARDAINS D'ERRAHMA,casabus,2,33.53482449999999,-7.7231808,0
LES JARDINS DE BALI,casabus,1,33.55899180002411,-7.625481000054126,2
LHALHAL,casabus,1,33.515599850009835,-7.5156697000376225,0
LHJAJMA,casabus,1,33.59467275002045,-7.645605800056554,1
LISSASFA 1,casabus,4,33.5340194,-7.669480100000001,0
LISSASFA 1,casabus,4,33.5343832,-7.669393000000001,0
LISSASFA 2,casabus,1,33.52879405004594,-7.678507099931043,0
LOMOU,casabus,1,33.53394780007052,-7.766230399927638,0
LOTISEMENT FARAH ESSALAM,casabus,1,33.53822065001407,-7.695379850038443,0
LYCEE ALIDRISSI,casabus,3,33.5622530500555,-7.533905699968343,0
LOTISSEMENT EL MANZAH,casabus,4,33.5594444,-7.5381731,0
LOTISSEMENT EL MANZAH,casabus,4,33.55955329999999,-7.5385317999999994,0
LOTISSEMENT FARAH ESSALAM 1,casabus,1,33.5364952,-7.697584899999999,0
LOTISSEMENT FARAH ESSALAM 1 2,casabus,1,33.5351414,-7.6985308,0
LOTISSEMENT MALAK 1,casabus,1,33.686735600006365,-7.3473271500356105,0
LOTISSEMENT RACHAD,casabus,2,33.49274239999999,-7.538351399999998,0
LOTISSEMENT RACHAD,casabus,2,33.4928129,-7.538039,0
LOTISSEMENT SAKLIA,casabus,1,33.56549060003909,-7.694019900024984,0
LOTISSEMENT SEQUIA,casabus,1,33.56254239999999,-7.718010800000001,0
LOTISSEMENT SEQUIA,casabus,1,33.56261059999999,-7.7187241,0
LWIZYA II,casabus,1,33.68264010003522,-7.34224239993773,0
LYCEE ABDELKHALEK TORRES,casabus,2,33.59316725004146,-7.508155850082291,0
LYCEE ABDELLAH IBRAHIM,casabus,2,33.53010260003669,-7.524843400064541,0
LYCEE ALAKHYAR,casabus,4,33.54672840002646,-7.575586700099402,0
LYCEE ALAKHYAR,casabus,3,33.5468579,-7.5751211000000005,0
LYCEE ALIDRISSI,casabus,1,33.5567458,-7.5835932,0
LYCEE BEN KHALDOUN,casabus,1,33.67696910004334,-7.389009999921381,0
LYCEE CHAOUKI,casabus,3,33.583843699999996,-7.626856600000001,0
LYCEE CHAOUKI,casabus,3,33.58479489999999,-7.628087399999999,0
LYCEE EL BAROUDI,casabus,1,33.60429709999999,-7.5538313,0
LYCEE EL BAROUDI,casabus,1,33.60456969999999,-7.5535366,0
LYCEE EL WALLADA,casabus,2,33.588408799999996,-7.642606499999999,2
LYCEE EL WALLADA,casabus,3,33.5886371,-7.642426,2
LYCEE FECHTALI,casabus,3,33.55862129999999,-7.678576399999999,0
LYCEE FECHTALI,casabus,3,33.558653099999994,-7.678921400000001,0
LYCEE IBNO HAZM,casabus,3,33.5615042,-7.576455799999999,2
LYCEE IBNO HAZM,casabus,4,33.56166459999999,-7.576135,2
LYCEE JABER BNOU HAYAN,casabus,1,33.58745059999999,-7.6043606000000015,0
LYCEE JABER BNOU HAYAN,casabus,1,33.5876362,-7.6047302,0
LYCEE LAHLOU,casabus,6,33.572061000000005,-7.62276,4
LYCEE LAHLOU,casabus,6,33.5722157,-7.6233851,3
LYCEE LOUIS MASSIGNON,casabus,1,33.47855559999999,-7.622276599999999,0
LYCEE LOUIS MASSIGNON,casabus,1,33.47860969999999,-7.6217075,0
LYCEE LYAUTEY,casabus,1,33.5959877,-7.631371000000001,2
LYCEE MOHAMED V,casabus,2,33.57825420000814,-7.615250799996638,0
LYCEE MOULAY ABDELLAH,casabus,6,33.561967750022774,-7.61311390006641,4
LYCEE TECHNIQUE MOHAMMEDIA,casabus,4,33.706402399999995,-7.364141800000002,0
LYCEE TECHNIQUE MOHAMMEDIA,casabus,4,33.70655310000001,-7.364723299999999,0
M'SALLA AIN CHOK,casabus,3,33.54859980005175,-7.599619099928452,1
M'SALLA MOHAMMEDIA,casabus,3,33.69331309999999,-7.3743587,0
M'SALLA MOHAMMEDIA,casabus,3,33.69331999999999,-7.374794200000001,0
M'SALLA QODS,casabus,1,33.6247673500153,-7.484184149937611,0
MAAGUIZ,casabus,1,33.61406409999999,-7.508872600000001,0
MAAGUIZ,casabus,1,33.614329899999994,-7.507781,0
MAARIF EXTENTION,casabus,5,33.56390780000001,-7.629230999999999,2
MAARIF EXTENTION,casabus,5,33.563994099999995,-7.6302305,3
MAATI BEN SALEH,casabus,1,33.5723158,-7.608469000000001,0
MADAME CHOUAL,casabus,1,33.564543699999994,-7.714559300000001,0
MADAME CHOUAL,casabus,1,33.56468699999999,-7.714966100000001,0
MADAME LOULA,casabus,1,33.56786689999999,-7.707899800000002,0
MADAME LOULA,casabus,1,33.5683276,-7.7079611,0
MAISON DES JEUNES ZERKTOUNI,casabus,1,33.59984080006937,-7.638945799888376,0
MAISON DES SOEURS,casabus,1,33.55778509999999,-7.6364331,2
MAISON DES SOEURS,casabus,1,33.5582733,-7.636332200000001,2
MARASSI TIT MELLIL,casabus,1,33.553904500008116,-7.477354300048736,0
MARCHE AIN CHOC,casabus,2,33.5468243,-7.5960931,0
MARCHE AIN CHOC,casabus,2,33.5470525,-7.5963165,0
MARCHE DE BOIS,casabus,1,33.56048719999998,-7.5946908,0
MARCHE DE BOIS,casabus,1,33.561054399999996,-7.594433,0
MARCHE DE GROS,casabus,1,33.5540214,-7.56324,0
MARCHE DE GROS,casabus,2,33.5544081,-7.5630899,0
MARCHE DE GROS 1,casabus,1,33.59014520001069,-7.596592450051613,0
MARCHE DE GROS ERRAHMA,casabus,2,33.5373737,-7.719195000000001,0
MARCHE DES DATTES,casabus,1,33.569981099999985,-7.5793143,0
MARCHE DES DATTES 2,casabus,1,33.569898,-7.578803300000001,0
MARCHE DES FLEURS,casabus,5,33.5826777,-7.6195056,2
MARCHE DES FLEURS,casabus,5,33.582794,-7.61877,2
MARCHE DES POULETS,casabus,1,33.59529265005875,-7.572690400063465,0
MARCHE OASIS,casabus,1,33.556794499999995,-7.634718200000003,2
MARCHE OASIS,casabus,1,33.5573588,-7.634041700000001,2
MARINA,casabus,1,33.606064599999996,-7.6210634,0
MARINA CASA,casabus,1,33.605817300000005,-7.6209021,0
MASJID FIRDAOUSS,casabus,1,33.6017178,-7.5113391,0
METRO,casabus,4,33.5377207,-7.6437602,0
MIMOSAS,casabus,1,33.6124205,-7.5314416,1
MIMOSAS,casabus,1,33.6126408,-7.5305314,1
MORABITINE,casabus,2,33.681249199999996,-7.3918362,0
MORABITINE,casabus,2,33.6813584,-7.3921393,0
MOROCCO MALL,casabus,1,33.580071,-7.703433,0
MOROCCO MALL,casabus,1,33.580301500000004,-7.703122200000001,0
MOSQUEE  DOHA,casabus,1,33.570454999999995,-7.635704300000003,0
MOSQUEE  DOHA,casabus,1,33.57050999999999,-7.6360287,1
MOSQUEE AB HORAIRA,casabus,2,33.57353520003748,-7.528162949891048,1
MOSQUEE ABIR,casabus,3,33.582162200000006,-7.5380459,0
MOSQUEE ABIR,casabus,3,33.5824544,-7.537962299999999,0
MOSQUEE ADARISSA,casabus,1,33.51565610000001,-7.640884999999999,0
MOSQUEE ADARISSA,casabus,1,33.5157449,-7.6413393,0
MOSQUEE AFGHANISTAN,casabus,4,33.5726914,-7.673283100000001,1
MOSQUEE AFGHANISTAN,casabus,4,33.57325929999999,-7.672175599999999,1
MOSQUEE AHL LOGHLAM,casabus,1,33.597927150002654,-7.495840399973436,0
MOSQUEE AIN CHOC,casabus,6,33.55365690000051,-7.6000457500040115,0
MOSQUEE AL ANSAR,casabus,3,33.5291451,-7.528519500000001,0
MOSQUEE AL ANSAR,casabus,3,33.52926599999999,-7.5281977000000015,0
MOSQUEE AL FADL,casabus,2,33.5555449,-7.5134981000000005,0
MOSQUEE AL FADL,casabus,2,33.55582329999999,-7.513702600000001,0
MOSQUEE AL FALAH,casabus,1,33.613082599999984,-7.4939661,0
MOSQUEE AL FALAH,casabus,1,33.61315599999999,-7.4935103000000005,0
MOSQUEE AL IRAQUI,casabus,1,33.512639500008476,-7.700894249975364,0
MOSQUEE AL MAGHFIRA,casabus,1,33.61042090004554,-7.516773249959876,0
MOSQUEE ALGERIE,casabus,1,33.6055996,-7.508461800000002,0
MOSQUEE ANNOUR,casabus,1,33.52595650004896,-7.521572500075218,0
MOSQUEE AZHAR,casabus,1,33.542363600003654,-7.692216200027757,0
MOSQUEE BAB TAOUBA,casabus,6,33.56804225002603,-7.525417049940019,0
ROUTE DE L'OASIS,casabus,4,33.55891657526119,-7.629681324752176,3
MOSQUEE BADR,casabus,2,33.5952795,-7.6383215,2
MOSQUEE BADR,casabus,2,33.59574129999999,-7.637930800000002,2
MOSQUEE BASATINE,casabus,1,33.664530600048394,-7.358103649884054,0
MOSQUEE EL BATHA,casabus,2,33.56587945006811,-7.644391250024995,1
MOSQUEE EL FATH,casabus,2,33.54455325002238,-7.679087749974496,0
MOSQUEE EL HODA,casabus,9,33.5701869,-7.6127574,1
MOSQUEE EL HODA,casabus,9,33.57078440000001,-7.612877600000001,1
MOSQUEE EL HOSNA B,casabus,3,33.54361930000001,-7.584320800000001,1
MOSQUEE EL HOSNA B,casabus,3,33.5441006,-7.5828999,0
MOSQUEE EL KAOUTAR,casabus,2,33.57146500000001,-7.5938385,0
MOSQUEE EL KAOUTAR,casabus,2,33.5717622,-7.593770299999999,0
MOSQUEE EL WAHDA,casabus,1,33.60870859999999,-7.5453677,1
MOSQUEE EL WAHDA,casabus,1,33.60893850000001,-7.5450234,1
MOSQUEE ELFATH,casabus,1,33.663204200017006,-7.364790650074279,0
MOSQUEE HASSAN II,casabus,2,33.60542440002896,-7.629585749987583,2
MOSQUEE HAY EL FARAH,casabus,4,33.57158885000543,-7.588174300039676,0
MOSQUEE KAOUTAR,casabus,1,33.57459060000001,-7.682136800000001,0
MOSQUEE LISSASFA,casabus,2,33.534617100024256,-7.670234650041871,0
MOSQUEE LMZABIENNE,casabus,1,33.52685830002517,-7.591377100038406,0
MOSQUEE MALI,casabus,3,33.687725699999994,-7.391645999999999,0
MOSQUEE MALI,casabus,3,33.6877984,-7.391179100000001,0
MOSQUEE MSALLA,casabus,5,33.54559890001858,-7.60228910001046,1
MOSQUEE NASSIM,casabus,1,33.51978935007406,-7.661519550004952,0
MOSQUEE NOUZHA,casabus,1,33.4448615,-7.5140275,0
MOSQUEE OMAR IBN AL KHATTAB,casabus,1,33.3855804,-7.6853373000000005,0
MOSQUEE OMAR IBN AL KHATTAB,casabus,1,33.38623929999999,-7.685839200000001,0
MOSQUEE OULAD SALH,casabus,1,33.40050020000001,-7.678880099999999,0
MOSQUEE OULAD SALH,casabus,1,33.4012983,-7.678312299999999,0
MOSQUEE OULD EL HAMRA,casabus,2,33.6024723,-7.618283700000002,0
MOSQUEE OULD EL HAMRA,casabus,2,33.6026473,-7.618549100000002,0
MOSQUEE QODS,casabus,2,33.61044659999999,-7.4979593,2
MOSQUEE QODS,casabus,1,33.61099910000001,-7.4968457,2
MOSQUEE QUARTIER INDUSTRIEL,casabus,1,33.629843700000016,-7.496990000000001,0
MOSQUEE ROI ABDALLAH,casabus,1,33.46797459999999,-7.656076900000003,0
MOSQUEE ROI ABDALLAH,casabus,1,33.468263900000004,-7.6559738,0
MOSQUEE SONNA,casabus,5,33.561495600057256,-7.609004450052605,2
MOSQUEE TAHA,casabus,1,33.551326750003724,-7.612389200018933,2
MOSQUEE TAMARIS,casabus,1,33.499407,-7.8678106,0
MOSQUEE TAMARIS,casabus,1,33.4995612,-7.8670715,0
MOSQUEE YACOUT,casabus,4,33.54972620001786,-7.5904050499867886,2
MSALLA DE AIN CHOK1,casabus,1,33.54663140000001,-7.599810800000002,1
MUNICIPALITE DEROUA,casabus,1,33.37540750002419,-7.541393999924516,0
MUNICIPALITE NOUACEUR,casabus,1,33.37270600000001,-7.5493182999999995,0
MUNICIPALITE NOUACEUR,casabus,1,33.372977,-7.5492209,0
NEJMET SIDI MOUMEN,casabus,1,33.583971350007104,-7.506152749968246,0
OFFICE AGRICOLE,casabus,1,33.453593900002595,-7.5098529499803055,0
Ain Borja,tram,4,33.580255700057705,-7.5916798667609475,0
OFPPT AIN SEBAA,casabus,2,33.60915495006092,-7.529254550042747,1
OFPPT BOULEVARD BAHMAD,casabus,1,33.587479250002716,-7.594106099998172,1
OFPPT DERB GHALLEF,casabus,4,33.5699799500016,-7.631230349986217,1
OFPPT EL HANK,casabus,1,33.60277610000105,-7.64562960000943,0
OFPPT ROUTE MARRAKECH,casabus,1,33.5224199,-7.6342129,0
OFPPT ROUTE MARRAKECH,casabus,1,33.52280379999999,-7.63498,0
OFPPT SIDI MOUMEN,casabus,2,33.57480225008682,-7.522313599909394,1
ONEP BOUSKOURA,casabus,2,33.49443665000694,-7.629844899947719,0
ORPHELINAT DE AIN CHOC,casabus,4,33.549314550011374,-7.594327250016894,1
OUED EL MALEH,casabus,1,33.65183090000238,-7.405701049972677,0
OUED HASSAR,casabus,1,33.538032600003746,-7.419780050033558,0
OUED NASSIM,casabus,2,33.521427150000896,-7.664942400005632,0
OULED BA HMAD,casabus,1,33.61494255002154,-7.350093100074448,0
OULED HARRES,casabus,1,33.577933800000004,-7.5674621,1
OULED HARRES,casabus,3,33.57798879999999,-7.568148000000002,1
OULED ISSA,casabus,1,33.47129770000001,-7.775520899999999,0
OULED ISSA,casabus,1,33.4713556,-7.7750808,0
OULED TALEB,casabus,1,33.536371450048776,-7.617652650012702,0
OULFA PRESTIGE,casabus,2,33.54168930000001,-7.712635999999999,0
OUM RAYAT,casabus,1,33.66266360006465,-7.371910799979189,0
P3003 SIDI MOUSSA,casabus,1,33.568034200009855,-7.377785000025644,0
P3011 BOUSKOURA,casabus,1,33.45516325003003,-7.650175750041051,0
PALAIS ATLAS,casabus,2,33.567135199999996,-7.5094966,0
PALAIS ATLAS,casabus,2,33.56742229999999,-7.509385399999999,0
PALAIS DES AMBASSADES,casabus,1,33.52527320000629,-7.683794599952708,0
PALAIS ROYAL AIN GUEDDID,casabus,1,33.55886685003877,-7.7243428499125875,0
PALMIER,casabus,1,33.57971850001302,-7.632343549967326,0
PALMIER ABDELMOUMEN,casabus,3,33.581205700000005,-7.6245608,2
PALMIER ABDELMOUMEN,casabus,4,33.581780499999994,-7.624051200000002,2
PANORAMIQUE,casabus,1,33.552632,-7.6069343,2
PANORAMIQUE,casabus,1,33.552918399999996,-7.607083300000001,2
PARC (MOH),casabus,1,33.70576555000419,-7.397480450012551,0
PARC HAY HASSANI,casabus,4,33.570613200000004,-7.6782154,0
PARC INDUSTRIEL,casabus,2,33.442585700046585,-7.650868999903514,0
PARC LE LAC,casabus,2,33.60249275000089,-7.63611740000827,2
PARK DE BOUSKOURA,casabus,1,33.47376679999999,-7.6176512,0
PARK.BOUS,casabus,1,33.47445369999999,-7.617364899999999,0
PEAGE NOUACEUR,casabus,1,33.3909261,-7.6076202,0
PEAGE NOUACEUR,casabus,1,33.391252699999995,-7.6078282,0
PENETRATION AZBANE,casabus,3,33.5305274500335,-7.665335350088229,0
PEPINIERE BOUSKOURA,casabus,1,33.48834895002794,-7.67431300000175,0
PEPINIERE DAR BOUAZZA,casabus,1,33.5158269,-7.8096611000000005,0
PEPINIERE DAR BOUAZZA,casabus,1,33.516209,-7.8095053,0
PEPINIERE DERB GHALLEF,casabus,2,33.573811899999995,-7.6347669000000025,2
PEPINIERE DERB GHALLEF,casabus,2,33.574071999999994,-7.634885500000001,2
PEPINIERE OASIS,casabus,1,33.56192250005189,-7.628519099934055,2
PEPINIERE ORIKA,casabus,1,33.515651850006705,-7.632687350031976,0
PETIT ZENATA,casabus,1,33.64166669999999,-7.4965815000000005,0
PETIT ZENATA,casabus,1,33.64191019999999,-7.496784900000001,0
PHARE EL HANK,casabus,1,33.6066253,-7.6512897,0
PHARE EL HANK,casabus,1,33.6067826,-7.651008200000001,0
PHARMACIE AL ATFAL,casabus,2,33.5522228,-7.6896919,0
PLACE SIDI MOHAMED,casabus,1,33.453753750001255,-7.51702555000248,0
PLAGE LALLA MERIEM,casabus,1,33.60321355006112,-7.6600215999957895,0
PLAGE OULAD HMIMOUN,casabus,1,33.668591199999995,-7.4412859,0
PLAGE OULAD HMIMOUN,casabus,1,33.6689309,-7.441575900000001,0
PLAGE PALOMA,casabus,1,33.6599298,-7.4605895,0
PLAGE PALOMA,casabus,1,33.660196799999994,-7.4606771,0
PLAGE RAHA,casabus,1,33.618500350008375,-7.543403349960794,0
PLAGE SAADA,casabus,1,33.6193042,-7.5346517,0
PLAGE SAADA,casabus,1,33.619669699999996,-7.534636800000002,0
POLE URBAIN NOUACEUR,casabus,1,33.383019299999994,-7.5518868,0
POLE URBAIN NOUACEUR,casabus,1,33.3830536,-7.5522335,0
POLYCLINIQUE CNSS BERNOUSSI,casabus,1,33.61132290000241,-7.5016307500218,3
POLYCLINIQUE CNSS INARA,casabus,5,33.539818950017434,-7.59850919995804,2
POLYCLINIQUE CNSS OUM RABIA,casabus,1,33.5672306,-7.667609999999999,1
PONT ANOUAL,casabus,2,33.5704893,-7.5780882,0
PONT ANOUAL,casabus,2,33.5707736,-7.577814000000001,0
PONT AUTOROUTE A1,casabus,3,33.5367003,-7.5389936,0
PONT AUTOROUTE A1,casabus,3,33.53718840000001,-7.538983300000001,0
PONT ONCF,casabus,2,33.64638269999999,-7.4450571000000005,0
PONT ONCF,casabus,1,33.6466389,-7.4453551000000004,0
POSTE DE POLICE BOUTALEB,casabus,1,33.57310375004854,-7.685290049881468,0
POSTE DE POLICE GARE ROUTIERE,casabus,2,33.57494840001006,-7.590249000006848,0
POSTE MAROC (ZOLA),casabus,4,33.59569235001018,-7.593876049988624,0
PREFECTURE MEDIOUNA,casabus,2,33.55969935003854,-7.48995900010215,0
PREFECTURE NOUACER,casabus,3,33.46578590000001,-7.638494,0
PREFECTURE NOUACER,casabus,3,33.46619549999999,-7.638694,0
PRESTIGIA,casabus,1,33.4745337,-7.6094803,0
PRISON OKACHA,casabus,1,33.607570300071444,-7.557996450012337,0
PROJET SALAM,casabus,1,33.58895260001498,-7.4861339500380435,0
PROMENADE MARITIME,casabus,1,33.60372635000216,-7.641646400019477,0
PROTECTION CIVIL AIN SEBAA,casabus,1,33.606148250010065,-7.550545299982133,0
PROTECTION CIVIL BOUSKOURA,casabus,1,33.432596450028385,-7.639635350020111,0
PROTECTION CIVIL EL QODS,casabus,1,33.621982750031705,-7.487778299927616,0
PROTECTION CIVIL MOHAMMEDIA,casabus,4,33.68259655001046,-7.408214250039835,0
PROTECTION CIVILE,casabus,1,33.54788210000001,-7.622223099999999,1
PROTECTION CIVILE,casabus,1,33.5484494,-7.6221658,1
PTT BIR ANZARAN,casabus,2,33.580111,-7.6371361,2
PTT BIR ANZARAN,casabus,2,33.580133899999986,-7.6367373,2
PTT HAY ALAMAL,casabus,3,33.567878750071806,-7.590675349955424,0
PTT ROUDANI,casabus,2,33.56985290000001,-7.6435505,1
PTT ROUDANI,casabus,2,33.570642600000006,-7.6432488,1
Prestigia,casabus,1,33.4740498,-7.609354000000001,0
QADI TAZI (SOS),casabus,3,33.67811259999999,-7.3962812,0
QADI TAZI (SOS),casabus,3,33.67839909999999,-7.3965041,0
QUARTIER ANFA MOHAMMEDIA,casabus,1,33.69092825000977,-7.370708450018036,0
QUARTIER DRISSIA,casabus,3,33.56360409999999,-7.5917481,0
QUARTIER DRISSIA,casabus,3,33.56391919999999,-7.5922093,0
QUARTIER INDUSTRIEL MEDIOUNA,casabus,1,33.53989590009717,-7.494017649984511,0
QUARTIER NASSIM,casabus,1,33.6786712,-7.400604800000001,0
QUARTIER NASSIM,casabus,1,33.6788809,-7.400239200000001,0
QUARTIER POLO,casabus,5,33.553984099999994,-7.603113900000001,0
QUARTIER POLO,casabus,5,33.5540214,-7.6036473,1
QUARTIER TAKADOUM,casabus,1,33.5856240000038,-7.567780100029787,0
RESIDENCE ABOUAB OUM RABIA,casabus,2,33.5604242,-7.6724343,0
RESIDENCE ABOUAB OUM RABIA,casabus,2,33.560762199999985,-7.672250999999999,0
RESIDENCE ABWAB SALAM,casabus,2,33.581206500051294,-7.4781400499815165,0
RESIDENCE AL AMANE,casabus,2,33.59515800001426,-7.539236799962924,0
RESIDENCE AL AMANE 2,casabus,2,33.593763300004845,-7.544977099968686,0
RESIDENCE AL BADR,casabus,3,33.59910776670335,-7.533071200039297,0
RESIDENCE AL BAIDA EL QODS,casabus,1,33.61437415002283,-7.4879907000221575,0
RESIDENCE AL FADL,casabus,2,33.55338625003473,-7.517660349928412,0
RESIDENCE AL FAJR,casabus,1,33.504924600000486,-7.7140932000031395,0
RESIDENCE AL FIRDAOUS,casabus,2,33.55833495002924,-7.668077750025554,0
RESIDENCE AL HOUDA,casabus,1,33.58210605004144,-7.524422400017103,0
RESIDENCE AL WIFAK,casabus,2,33.59667380000628,-7.5366315499689245,0
RESIDENCE ALASSIL,casabus,2,33.59329760000655,-7.561146399958604,0
RESIDENCE ALKIMA,casabus,1,33.59229779999999,-7.5012167,0
RESIDENCE ALKIMA,casabus,2,33.59274469999999,-7.5011692,0
RESIDENCE ANDALOUS,casabus,1,33.66442460005448,-7.399397300032239,0
RESIDENCE ANNACER,casabus,2,33.56896755006913,-7.596066450086448,0
RESIDENCE ASSALAM,casabus,3,33.58531060000001,-7.5815242,0
RESIDENCE ASSALAM,casabus,3,33.5856343,-7.581342000000002,0
RESIDENCE BAB EL BAIDA 1,casabus,1,33.6163684,-7.4829962,0
RESIDENCE BAB EL BAIDA 1,casabus,1,33.6166174,-7.482811899999999,0
RESIDENCE BACHKOU,casabus,4,33.532931100004866,-7.647221349982651,0
RESIDENCE BASSATIN ALOULFA,casabus,2,33.547790100097146,-7.702248899985228,0
Residence Bassatin Aloulfa 2,casabus,1,33.54371270001093,-7.697366000040211,0
RESIDENCE BOUAARFA,casabus,2,33.60076275000227,-7.636251899980828,2
RESIDENCE CHARAF,casabus,3,33.58566150005673,-7.527034500003687,0
RESIDENCE CHIFAE,casabus,1,33.58342835000081,-7.631833800005889,0
RESIDENCE DANDOUN,casabus,1,33.51474370001773,-7.64625609995417,0
RESIDENCE DES OLIVIERS,casabus,1,33.586119900031164,-7.502720749953391,0
RESIDENCE EL AHALI,casabus,3,33.516332999999996,-7.654483099999999,1
RESIDENCE EL AHALI,casabus,3,33.51675959999999,-7.654131900000001,1
RESIDENCE EL ALIA,casabus,2,33.571707999999994,-7.482393399999999,0
RESIDENCE EL ALIA,casabus,2,33.5717172,-7.482058199999999,0
RESIDENCE EL BAIDA,casabus,2,33.5934695,-7.498688300000002,0
RESIDENCE EL BAIDA,casabus,2,33.59414399999999,-7.498895799999999,0
RESIDENCE EL HADIKA,casabus,2,33.6032361,-7.529428000000002,0
RESIDENCE EL HADIKA,casabus,1,33.603378799999994,-7.5283503,0
RESIDENCE EL HAMD,casabus,3,33.55625299999999,-7.5438276,0
RESIDENCE EL HAMD,casabus,3,33.5564221,-7.5440906000000005,0
RESIDENCE EL HORRIA,casabus,2,33.6898536,-7.377794200000001,0
RESIDENCE EL HORRIA,casabus,2,33.6900925,-7.378034800000001,0
RESIDENCE EL HOSSAINI,casabus,1,33.576909699999995,-7.639274500000002,1
RESIDENCE EL HOSSAINI,casabus,1,33.577274599999996,-7.6385113,1
RESIDENCE EL KAWTAR,casabus,2,33.59448680000226,-7.511690449985012,0
RESIDENCE EL MAJD,casabus,4,33.57074315000341,-7.634671199962322,0
RESIDENCE EL MANSOUR,casabus,5,33.572790499999996,-7.648668700000001,0
RESIDENCE EL MANSOUR,casabus,5,33.573307299999996,-7.6494902,0
RESIDENCE EL MOSTAKBAL,casabus,4,33.529633399999994,-7.6488179999999995,0
RESIDENCE EL MOSTAKBAL,casabus,4,33.5299671,-7.648601,0
RESIDENCE ELFATH,casabus,1,33.66251345000092,-7.368444599989703,0
RESIDENCE ELMOUAHIDINE,casabus,1,33.5858349,-7.548075500000001,1
RESIDENCE ELMOUAHIDINE,casabus,1,33.586087,-7.5482262,2
RESIDENCE FLEURS DE LYS,casabus,4,33.70411195001565,-7.3704076499396285,0
RESIDENCE HLIWA,casabus,1,33.59996670001731,-7.535957799914049,0
RESIDENCE IDMAJ,casabus,3,33.5523332,-7.5503952000000005,0
RESIDENCE IDMAJ,casabus,3,33.552839699999986,-7.5506291999999995,0
RESIDENCE JAD VICTORIA,casabus,1,33.414631050028916,-7.68016179993557,0
RESIDENCE LES CHAMPS DE LYS,casabus,1,33.6898324,-7.3638931,0
RESIDENCE LES CHAMPS DE LYS,casabus,1,33.69027020000001,-7.363933200000002,0
RESIDENCE NAIM,casabus,2,33.56198839999999,-7.4852742,0
RESIDENCE NAIM,casabus,2,33.5620199,-7.485682100000001,0
RESIDENCE NARJIS,casabus,1,33.5281265500016,-7.658428350012686,0
RESIDENCE OUDAYA,casabus,2,33.602163100000006,-7.523432399999999,0
RESIDENCE OUDAYA,casabus,2,33.6023624,-7.5238984,0
RESIDENCE RAYAN VICTORIA,casabus,1,33.41738525003636,-7.67917284999246,0
RESIDENCE RIAD AL OULFA,casabus,3,33.55622290000874,-7.697261999955326,0
RESIDENCE ROKIA,casabus,1,33.68361585003611,-7.371763250010971,0
RESIDENCE SAADA,casabus,4,33.588086600000004,-7.522802900000001,0
RESIDENCE SAADA,casabus,4,33.58834670000001,-7.5228958,0
RESIDENCE SAFA,casabus,2,33.56863465003264,-7.515658700102148,0
RESIDENCE SALMA,casabus,1,33.5489249,-7.554471500000001,0
RESIDENCE SALMA,casabus,1,33.5492184,-7.5547832,0
RESIDENCE SHEMSI,casabus,1,33.592521299999994,-7.637377300000001,4
RESIDENCE WALILI,casabus,1,33.58001505003796,-7.512343299935492,0
RESTAURANT MRISSA,casabus,1,33.54716019999999,-7.744286100000001,0
RESTAURANT MRISSA,casabus,1,33.5474541,-7.744372600000001,0
ROCADE SUD OUEST,casabus,1,33.51898500000112,-7.693177949997687,0
ROCHES NOIRES,casabus,2,33.60903799999999,-7.5669809,0
ROCHES NOIRES,casabus,2,33.6093443,-7.566474899999999,0
ROND POINT LOMO,casabus,1,33.5316903,-7.7706771,0
ROND POINT LOMO,casabus,1,33.53193669999999,-7.7708811,0
ROND POINT VICTORIA,casabus,2,33.42431780001917,-7.6701226999652885,0
ROND-POINT AICHA,casabus,3,33.5977023,-7.587258300000001,0
ROND-POINT AICHA,casabus,3,33.597803899999995,-7.5883631,0
ROND-POINT ANASSI,casabus,1,33.58793620001338,-7.499950799935151,0
ROND-POINT BACHKOU,casabus,5,33.56120299999999,-7.624332999999999,1
ROND-POINT BACHKOU,casabus,6,33.5614576,-7.6240773,1
ROND-POINT CHAHDIA,casabus,2,33.54664945000574,-7.680559700007568,0
ROND-POINT MERCHICH,casabus,1,33.4526989,-7.520668100000001,0
ROND-POINT MERCHICH,casabus,1,33.45302900000001,-7.5203397999999995,0
ROND-POINT MOROCCO MALL,casabus,1,33.5704068,-7.7014466,0
ROND-POINT MOROCCO MALL,casabus,1,33.5707689,-7.701389300000001,0
ROUTE AZEMMOUR,casabus,1,33.5773665,-7.6724572,3
ROUTE AZEMMOUR,casabus,1,33.5777871,-7.6727701,3
ROUTE D'EL JADIDA,casabus,3,33.5572706,-7.6445787,0
ROUTE D'EL JADIDA,casabus,1,33.55799499999999,-7.6443915,0
ROUTE DAR BOUAZZA,casabus,1,33.540241699999996,-7.756676900000002,0
ROUTE DAR BOUAZZA,casabus,1,33.5405139,-7.7555882,0
ROUTE DE LOUIZIA,casabus,1,33.68878820000221,-7.3547749999716245,0
ROUTE DE RABAT,casabus,2,33.60021345002721,-7.563250149939991,0
ROUTE DE SIDI ABDERRAHMANE,casabus,1,33.57178330008023,-7.7002842500927065,0
ROUTE DES ZENATA,casabus,1,33.62520195000035,-7.521771899995816,0
ROUTE MOULAY THAMI,casabus,2,33.538650200013365,-7.717538399953018,0
ROUTE N1 AIN HARROUDA,casabus,1,33.6334396,-7.464819,0
ROUTE N1 AIN HARROUDA,casabus,1,33.6336614,-7.4650339,0
ROUTE N11 SIDI MAAROUF,casabus,1,33.54450025005717,-7.642154200011999,0
ROUTE N9,casabus,1,33.471165950099056,-7.5127392000219295,0
ROUTE N9 AL MAJJATIA,casabus,1,33.48485305004395,-7.510266650101523,0
ROUTE N9 TIT MELLIL,casabus,1,33.53442909999999,-7.494081099999999,0
ROUTE N9 TIT MELLIL,casabus,1,33.5344339,-7.494422599999999,0
ROUTE NATIONALE 1 LISSASFA,casabus,1,33.50650770001987,-7.710185899923882,0
ROUTE NATIONALE 11,casabus,1,33.521042699999995,-7.6341515,0
ROUTE NATIONALE 11,casabus,1,33.521273,-7.6336866,0
ROUTE NATIONALE 9 MEDIOUNA,casabus,1,33.43438235006345,-7.521419549889497,0
ROUTE OULED ZIANE,casabus,3,33.58196915001828,-7.5941929000244075,1
ROUTE P3003,casabus,1,33.58939290002626,-7.380006349966592,0
ROUTE P3013 BOUSKOURA,casabus,2,33.4509319,-7.642678300000001,0
ROUTE P3013 BOUSKOURA,casabus,2,33.4513158,-7.6427087,0
ROUTE P3026,casabus,1,33.4761879,-7.6031534,0
ROUTE P3026,casabus,1,33.4765546,-7.604067300000001,0
ROUTE P3307,casabus,1,33.63190640001479,-7.332932150034597,0
ROUTE P3307 AIN TEKKI,casabus,1,33.66277880000082,-7.353780949989525,0
ROUTE P3336 MEDIOUNA,casabus,1,33.4485943000113,-7.517380500045914,0
ROUTE R309,casabus,1,33.6727984,-7.432096300000001,0
ROUTE R309,casabus,1,33.673081999999994,-7.4322561,0
ROUTE R320,casabus,1,33.5879262,-7.645430200000001,1
ROUTE R320 /P3012,casabus,1,33.5002373,-7.858060000000002,0
ROUTE R320 /P3012,casabus,1,33.500530600000005,-7.8581111,0
ROUTE R322 ROCHES NOIRES,casabus,2,33.607712250001974,-7.57028129998938,0
ROUTE R322 ZENATA,casabus,1,33.63690600000001,-7.5042443,0
ROUTE R322 ZENATA,casabus,1,33.6369312,-7.5046207,0
ROUTE SIDI MAAROUF,casabus,1,33.5138198,-7.6549723,0
ROUTE SIDI MAAROUF,casabus,1,33.5141504,-7.6549723,0
ROYAL GOLF ANFA,casabus,1,33.5831454,-7.658525700000003,2
ROYAL GOLF ANFA 2,casabus,1,33.58305029999999,-7.6597347,2
RTM AIN CHOC,casabus,2,33.5390242500022,-7.583127049974345,0
RUE 41 RIAD OULFA,casabus,2,33.55794179999999,-7.6926721,0
RUE AL MAROUNI,casabus,2,33.574404300000005,-7.640024600000001,1
RUE AL MAROUNI,casabus,2,33.574866199999995,-7.639900900000001,1
RUE BEN KACEM ADDAHMANI,casabus,3,33.55237695000521,-7.578833649990464,1
RUE D'ALGER,casabus,6,33.5941511,-7.623798699999999,2
RUE DE BELGRADE,casabus,1,33.57545785001202,-7.610127350010352,0
RUE DE L'ALMA,casabus,1,33.5985918,-7.6386195,1
RUE DES EPERVIERS,casabus,1,33.564285899999994,-7.6397734,2
RUE EL HAOUZA,casabus,1,33.60575045000263,-7.562695649992553,0
RUE FAROUKI ERRAHALI,casabus,2,33.558963150084914,-7.600896450076692,0
RUE IBNOU ADRAA,casabus,1,33.589113900049064,-7.572827050093504,0
RUE KAID AL ACHTAR,casabus,2,33.582451799999994,-7.6413792,2
RUE NORMANDIE,casabus,3,33.585042499999986,-7.639389600000001,4
RUE OUALILI,casabus,1,33.5744043,-7.6435309,0
RUE OUALILI,casabus,1,33.574629,-7.643337699999999,0
RUE SALONIQUE,casabus,1,33.5769686000045,-7.612947150021643,0
RUE WASHINGTON,casabus,4,33.593456999999994,-7.630925499999999,3
RUE WASHINGTON,casabus,4,33.59365379999999,-7.630255900000001,3
Residence Al Mawlid,casabus,1,33.552729350058826,-7.623360750061181,2
SAKANI AHL LOGHLAM,casabus,1,33.598701699999985,-7.4782217,1
SAKANI AHL LOGHLAM,casabus,1,33.5990117,-7.478283199999999,1
SALAM MOHAMMEDIA,casabus,1,33.699731499999984,-7.3589457,0
SALAM MOHAMMEDIA,casabus,1,33.7001915,-7.358694100000001,0
SALLE DE SPORT LA CORNICHE,casabus,1,33.57164605000489,-7.689185649970139,0
SALLE DERKAOUI,casabus,1,33.616006800024834,-7.52122499994663,0
SAMIR (MOH),casabus,3,33.6783905,-7.416236200000001,0
SAMIR (MOH),casabus,3,33.6787342,-7.416486,0
SCHNEIDER,casabus,1,33.5626181,-7.668194499999999,0
SEHAB RMAL,casabus,1,33.64545540001048,-7.338269250029824,0
SIDI BERNOUSSI,casabus,1,33.61644885002226,-7.497082599955161,0
SIDI BOUZIANE,casabus,1,33.4849272,-7.7398783,0
SIDI BOUZIANE,casabus,1,33.48499429999999,-7.7393764,0
SIDI GHANEM,casabus,1,33.4970722,-7.5056738,0
SIDI GHANEM,casabus,1,33.49708139999999,-7.505218300000001,0
SIDI MESSAOUD,casabus,2,33.513266850038555,-7.631740849910812,0
SIDI MOUSSA EL MAJDOUB,casabus,1,33.60482265001589,-7.384944450031902,0
SINDIBAD,casabus,1,33.582522399999995,-7.698771099999999,0
SINDIBAD,casabus,1,33.58259890000001,-7.6994576,0
SNRT AIN CHOCK,casabus,2,33.53740345002233,-7.585915249933894,0
SOCIETE COSUMAR,casabus,1,33.59894349999999,-7.571668699999999,0
SOCIETE COSUMAR,casabus,1,33.5992092,-7.571057,0
SOUK ALLEK,casabus,1,33.6092346,-7.5006323,3
SOUK BOURGOGNE,casabus,2,33.5991125,-7.6431561,0
SOUK BOURGOGNE,casabus,2,33.599710599999995,-7.642082600000003,0
SOUK CHRIFA,casabus,1,33.53615939999999,-7.6017176,0
SOUK CHRIFA,casabus,1,33.5365204,-7.6020063,0
SOUK LAAYOUNE,casabus,2,33.564581,-7.595385800000001,0
SOUK LAAYOUNE,casabus,2,33.56466979999999,-7.595051800000001,0
SOUK LHJAJMA,casabus,1,33.5961303000258,-7.648460599976177,0
SOUK LWIZIA,casabus,1,33.67579925001691,-7.350878349920016,0
SOUK OULD MINA,casabus,3,33.56862320000127,-7.67568154999291,0
SOUK SALAM,casabus,1,33.58330235000837,-7.552504749942907,0
SOUK SWISRA,casabus,1,33.564140399999985,-7.371972900000001,0
SOUK SWISRA,casabus,1,33.5642767,-7.372332200000001,0
STADE COC,casabus,2,33.561025400066384,-7.644639000058178,0
STADE HAY HASSANI,casabus,5,33.570789,-7.6805095,0
STADE MOHAMED V,casabus,2,33.5841384,-7.647801800000001,2
STADE PERE JEGO,casabus,2,33.5503195,-7.6517895000000005,0
STADE TISSIMA,casabus,5,33.54451640000863,-7.562146500048892,0
STATION ANOUAL,casabus,2,33.57023060009322,-7.625971399970991,1
STATION EL FALAH,casabus,1,33.6846558,-7.3801972,0
STATION EL FALAH 2,casabus,1,33.68440170000001,-7.3800374,0
SWILBATE,casabus,1,33.68040270003336,-7.346908299942535,0
SWILBATE 2,casabus,1,33.6780355,-7.349917200000001,0
SWILBATE 2,casabus,1,33.678177599999984,-7.349634600000003,0
TACHAROUK BD OQBA,casabus,1,33.56966599999999,-7.520056200000001,0
TACHAROUK BOULEVARD OQBA,casabus,1,33.5699353,-7.519759400000001,0
TARIK EL KHIR,casabus,1,33.6088686500379,-7.496214000085389,2
TARIQ BNOU ZYAD,casabus,2,33.575742000000005,-7.6241175,2
TARIQ BNOU ZYAD,casabus,2,33.57585919999999,-7.6247523,2
TECHNOPARC,casabus,4,33.540421299999984,-7.637711399999999,0
TECHNOPARC,casabus,4,33.54062849999999,-7.638413200000001,0
TECHNOPOLE NOUACEUR,casabus,1,33.37349669999999,-7.553159400000001,0
TECHNOPOLE NOUACEUR,casabus,1,33.37377969999999,-7.5530563,0
TERMINUS ABOUAB AL OULFA,casabus,1,33.547515399999995,-7.7040305,0
TERMINUS AIN SEBAA,casabus,3,33.59563490003574,-7.530149200015297,0
TERMINUS AL ANDALOUS,casabus,1,33.4633429,-7.64422,0
TERMINUS AL HAMD,casabus,1,33.51206135001642,-7.513956399995051,0
TERMINUS AL OULFA 1,casabus,3,33.55116575002253,-7.684397250043239,0
TERMINUS AL QODS,casabus,1,33.614598000101495,-7.49144879995888,0
TERMINUS ANASSI,casabus,4,33.5913228,-7.4908799,0
TERMINUS ANASSI,casabus,4,33.591906300000005,-7.4899476,0
TERMINUS BEN ABID,casabus,1,33.48926499999999,-7.8852999,0
TERMINUS BERNOUSSI,casabus,7,33.613422050002924,-7.504149599993786,2
TERMINUS BOUCHENTOUF,casabus,7,33.5702114,-7.601083900000001,0
TERMINUS BOUCHENTOUF,casabus,7,33.57063260000002,-7.6007126,0
TERMINUS BOULEVARD PARIS,casabus,1,33.59526569999999,-7.624167800000001,2
TERMINUS CASA PORT,casabus,1,33.5980904,-7.6126691,0
TERMINUS CASA PORT 2,casabus,1,33.5999237,-7.6142458,0
TERMINUS CINEMA RIF,casabus,9,33.59661080000001,-7.615497099999999,0
TERMINUS COMMUNE SIDI BELYOUT,casabus,4,33.5951384,-7.626617500000001,2
TERMINUS COMMUNE SIDI BELYOUT,casabus,4,33.595306,-7.626284699999999,2
TERMINUS DAOULIZ,casabus,1,33.60279429999999,-7.659355100000001,0
TERMINUS DAR LHAMRA,casabus,3,33.570753500010035,-7.670777050032417,1
TERMINUS DOHA,casabus,5,33.5912189,-7.516571999999999,0
TERMINUS DOHA,casabus,5,33.591346699999995,-7.516924400000002,0
TERMINUS EL FATH II,casabus,1,33.6694523,-7.391226599999999,0
TERMINUS EL HANK,casabus,1,33.6024873,-7.653753100000001,0
TERMINUS EL HANK,casabus,1,33.60296499999998,-7.653941499999999,0
TERMINUS EL MANSOURIA,casabus,1,33.61883745000063,-7.479312699992868,0
TERMINUS EL OULFA,casabus,2,33.55700360000001,-7.6898797,1
TERMINUS ELFADL,casabus,2,33.5583211,-7.5087099,0
Faculté Ben Msik,tram,5,33.56607270003366,-7.543032566614175,0
TERMINUS FACULTE DES LETTRES,casabus,6,33.7026268,-7.374549799999999,0
TERMINUS FACULTE DES LETTRES,casabus,6,33.7027125,-7.373858,0
TERMINUS FACULTES MOHAMMEDIA,casabus,4,33.70565235001291,-7.356240399964249,0
TERMINUS FARAH SALAM,casabus,1,33.5326472,-7.6997839,0
TERMINUS FERARA,casabus,3,33.554532099999996,-7.6868015,1
TERMINUS FERARA,casabus,3,33.5553688,-7.6855875000000005,1
TERMINUS GARE ONCF MOHAMMEDIA,casabus,8,33.69535890003649,-7.389060550003524,0
TERMINUS GARE OULED ZIANE,casabus,2,33.57570215000889,-7.5899642499907705,0
TERMINUS HARBILI,casabus,1,33.6306273,-7.491227600000001,0
TERMINUS HAY EL FALAH,casabus,4,33.5563691,-7.5479535,0
TERMINUS HAY EL FALAH,casabus,2,33.557674,-7.5491607,0
TERMINUS HAY EL FARAH,casabus,3,33.5660907,-7.587994600000002,0
TERMINUS HAY EL FARAH,casabus,3,33.566603,-7.5878554,0
TERMINUS HAY EL WAHDA,casabus,1,33.5425995,-7.5435612,0
TERMINUS HAY EL WAHDA,casabus,1,33.5430464,-7.5439703,0
TERMINUS HAY HASSANI,casabus,5,33.57104910000001,-7.679185,0
TERMINUS HAY HASSANI II,casabus,3,33.56609000000001,-7.683295,0
TERMINUS HAY HASSANI II,casabus,3,33.5662808,-7.683536699999999,0
TERMINUS HAY LMASJID,casabus,7,33.56231309999999,-7.607617799999999,2
TERMINUS HAY LMASJID,casabus,7,33.5625129,-7.6073254,2
TERMINUS HOPITAL SOFI,casabus,4,33.60262469999999,-7.6331906,2
TERMINUS HOUPHEIT BOIGNY,casabus,3,33.59852845004719,-7.614937899915047,0
TERMINUS JAMILA,casabus,4,33.541956,-7.5794639,0
TERMINUS JAMILA,casabus,2,33.54216399999999,-7.5796719,0
TERMINUS JAMILA II,casabus,3,33.54723529999998,-7.5848993,1
TERMINUS JAMILA II,casabus,3,33.5473949,-7.584495900000002,1
TERMINUS KASBAT LAMINE,casabus,2,33.53362069999999,-7.685018800000001,0
TERMINUS KHIAYTA,casabus,1,33.4675785,-7.7850543,0
TERMINUS LA GARE ROUTIERE,casabus,3,33.5732478,-7.587928600000001,0
TERMINUS LAHRAOUIYINE 1,casabus,2,33.532209399999985,-7.5198241,0
TERMINUS LISSASFA,casabus,6,33.531452950024814,-7.67402434991155,0
TERMINUS LMKANSA II,casabus,2,33.5248617,-7.562798199999998,0
TERMINUS LMKANSA II,casabus,2,33.5249881,-7.5623948,0
TERMINUS LMZABIENNE,casabus,1,33.51564319999999,-7.5936017,0
TERMINUS MAARIF,casabus,2,33.58247959999999,-7.6406724,2
TERMINUS MAARIF,casabus,2,33.582553499999996,-7.6403384,2
TERMINUS MAARIF 2,casabus,1,33.58557129999999,-7.6412213,3
TERMINUS MANDAROUNA,casabus,2,33.530466000069694,-7.617159250109531,0
TERMINUS MEDIOUNA,casabus,1,33.4503425,-7.496403,0
TERMINUS MEDIOUNA,casabus,1,33.45056069999998,-7.4957015,0
TERMINUS MEDIOUNA 1,casabus,1,33.4544579,-7.5182536,0
Al Qods,busway,7,33.54383880001002,-7.5818729334074675,0
TERMINUS MOSQUEE SALMIA,casabus,3,33.538202,-7.5539697,0
TERMINUS MOSQUEE SALMIA,casabus,3,33.53844029999999,-7.5542379,0
TERMINUS MOSQUEE TARIQ,casabus,6,33.60798985001807,-7.515090649918812,0
TERMINUS MOULAY RACHID,casabus,5,33.56574040009669,-7.528729899981424,0
TERMINUS MOULAY YOUSSEF,casabus,4,33.59882940000001,-7.631489900000001,1
TERMINUS MOULAY YOUSSEF,casabus,5,33.59996139999999,-7.6323545,1
TERMINUS MUSEE ALSA,casabus,2,33.57823969999999,-7.6340532,1
TERMINUS MUSEE ALSA,casabus,5,33.57879809999999,-7.6351301000000005,1
TERMINUS NAHDA,casabus,1,33.700037099999996,-7.3522044,0
TERMINUS NAIM 2,casabus,1,33.5648165,-7.4995552,0
TERMINUS NAIM 2,casabus,1,33.56510519999999,-7.4995099,0
TERMINUS NASSIM,casabus,1,33.518091799999986,-7.658495800000001,0
TERMINUS OUAD DAHAB,casabus,3,33.5409567,-7.5730338,0
TERMINUS OUAD DAHAB,casabus,3,33.5412447,-7.572726100000001,0
TERMINUS OULAD AHMED,casabus,1,33.49577275003458,-7.726877899944756,0
TERMINUS OULAD SALEH,casabus,1,33.3761991,-7.692513300000001,0
TERMINUS PLACE LA CONCORDE,casabus,11,33.5962803,-7.6218917,1
TERMINUS PLACE LA CONCORDE,casabus,8,33.59650959999999,-7.621394899999999,0
TERMINUS PLACE NATIONS UNIES,casabus,4,33.5944424,-7.619435700000001,0
TERMINUS PLACE OUAD LMAKHAZIN,casabus,2,33.594695599999994,-7.622945200000003,2
TERMINUS PLACE SIDI MAAROUF,casabus,6,33.56454480000001,-7.6038639,0
TERMINUS PLACE SIDI MAAROUF,casabus,6,33.565023200000006,-7.6040505,0
TERMINUS PLACE SRAGHNA,casabus,1,33.56952809999999,-7.601123299999999,0
TERMINUS PLACE SRAGHNA 2,casabus,3,33.567299299999995,-7.599584100000001,0
TERMINUS PORT MOHAMMEDIA,casabus,1,33.7088339,-7.4017855,0
TERMINUS QUARTIER DES HOPITAUX,casabus,1,33.5770858,-7.624839299999999,1
TERMINUS QUARTIER SHEMS,casabus,1,33.70874240004429,-7.350705349928139,0
TERMINUS RACHIDIA,casabus,2,33.6872581,-7.380359299999999,0
TERMINUS RACHIDIA,casabus,1,33.68748899999999,-7.380875600000001,0
TERMINUS RACHIDIA 3,casabus,1,33.680216900016134,-7.375821100018442,0
TERMINUS RAHMA,casabus,2,33.53795159999999,-7.727046399999999,0
TERMINUS RAHMA,casabus,2,33.5380862,-7.7274154,0
TERMINUS RIAD AL OULFA,casabus,3,33.5538131,-7.7009745,0
TERMINUS RIAD AL OULFA,casabus,3,33.5542551,-7.7006066,0
TERMINUS RIAD AL OULFA III,casabus,2,33.549490000000006,-7.704652799999999,0
TERMINUS ROND POINT NAPOLEON,casabus,1,33.563470599999995,-7.6335498,2
TERMINUS SAKANI,casabus,1,33.6038575,-7.481965999999999,0
TERMINUS SAKANI,casabus,1,33.60414529999999,-7.482391200000001,0
TERMINUS SALMIA,casabus,4,33.536802450033264,-7.5504926000134915,0
TERMINUS SIDI HAJJAJ,casabus,1,33.5401777,-7.414326499999999,0
TERMINUS SIDI LKHADIR,casabus,6,33.5691969,-7.684328599999999,0
TERMINUS SIDI MAAROUF,casabus,2,33.5081218,-7.6574373,0
TERMINUS SIDI MOUSSA BEN ALI,casabus,1,33.56273200000001,-7.3738919,0
TERMINUS TACHAROUK,casabus,6,33.56973535000215,-7.522888799984646,0
TERMINUS TAH,casabus,1,33.533066950001356,-7.5831877999857475,0
TERMINUS TIT MELLIL,casabus,3,33.5507161,-7.486255899999999,0
TERMINUS TRAM 1 SIDI MOUMEN,casabus,4,33.58901075004698,-7.499083150038056,0
TERMINUS TRAM 2 BERNOUSSI,casabus,6,33.6104457,-7.5063608,1
TERMINUS TRAM 2 BERNOUSSI,casabus,7,33.610620999999995,-7.5066364,1
TERMINUS VILLE ENNASR,casabus,1,33.412940150027445,-7.675740350015585,0
TERMINUS ZAOUIA,casabus,1,33.38424339999999,-7.6206666,0
TERMINUS ZI BERNOUSSI,casabus,1,33.62318990000422,-7.507591299986668,0
TERMINUS ZI OULAD SALEH,casabus,1,33.42155350000001,-7.639230300000001,0
TERMINUS ZOUBIR,casabus,3,33.54082485000997,-7.6831594000255805,0
TERRAIN LAARBI  ZAOULI,casabus,1,33.597162500011166,-7.544694399943468,0
THEATRE MY RACHID,casabus,4,33.56307700000001,-7.5541030000000005,0
THEATRE MY RACHID,casabus,3,33.5631022,-7.553549600000001,0
TRIBUNAL ADMINISTRATIF,casabus,4,33.5600477500075,-7.566261199983335,1
TRIBUNAL AIN SEBAA,casabus,2,33.5993166,-7.531034600000001,0
TRIBUNAL AIN SEBAA,casabus,3,33.5993435,-7.530710900000001,0
TRIBUNAL DE 1ER INSTANCE,casabus,2,33.553891700054194,-7.66599260002115,1
TWIN CENTER,casabus,3,33.587450600000004,-7.6323462,3
TWIN CENTER,casabus,3,33.58827850000001,-7.6336439,3
UNIVERSITE INTERNATIONALE,casabus,1,33.4970264,-7.608037300000001,0
UNIVERSITE INTERNATIONALE,casabus,1,33.4970493,-7.608511700000001,0
VICTORIA CITY,casabus,1,33.4179164,-7.6725529,0
VICTORIA CITY,casabus,1,33.4179869,-7.6722292,0
VILLE DEROUA,casabus,1,33.389754399999994,-7.5361451,0
VILLE VERTE,casabus,1,33.4918411,-7.6090228,0
VILLE VERTE,casabus,1,33.491863999999985,-7.609420999999999,0
VILLE VERTE II,casabus,1,33.47441580007405,-7.600738950091821,0
WILAYA GRAND CASABLANCA,casabus,3,33.590696399999985,-7.6192948,1
ZONE INDUSTRIEL BOUSKOURA,casabus,1,33.44225735008392,-7.645217949977998,0
ZONE INDUSTRIEL CHELLALATE,casabus,1,33.6221374,-7.4420850000000005,0
ZONE INDUSTRIEL CHELLALATE,casabus,1,33.6224304,-7.4420416,0
ZONE INDUSTRIEL CHELLALATE 1,casabus,1,33.6291533,-7.4315233,0
ZONE INDUSTRIEL CHELLALATE 1,casabus,1,33.6291533,-7.4311457,0
ZONE INDUSTRIEL MOHAMMEDIA T1,casabus,1,33.66415990004212,-7.407051999934691,0
ZONE INDUSTRIEL MOHAMMEDIA T2,casabus,1,33.66116165004217,-7.4112981999367635,0
ZONE INDUSTRIEL ZENATA,casabus,2,33.6535642,-7.4422909,0
ZONE INDUSTRIEL ZENATA,casabus,2,33.6540357,-7.442293800000001,0
ZONE INDUSTRIELLE OKACHA,casabus,1,33.612679150005945,-7.558279799972328,0
ZONE LOGISTIQUE LAHRAOUYINE,casabus,1,33.55413719999999,-7.5110683,0
ZONE URBAINE 16 BEN MSIK,casabus,1,33.55455460003132,-7.5875794499220595,0
10-Mars,tram,1,33.55182,-7.550986,0
2 Mars,tram,1,33.569097,-7.612592,1
Abdelkader Essahraoui,tram,1,33.555759,-7.547525,0
Abdellah Ben Cherif,tram,1,33.565833000000005,-7.660272000000001,2
Abdelmoumen,tram,1,33.570892,-7.625969999999999,1
Abdessalam Ennaciri,tram,1,33.54851200000001,-7.5725050000000005,0
Abi Dar El Ghafari,tram,1,33.60661400000001,-7.518053,1
Abou Chouaïb Doukali,tram,1,33.561543,-7.594757000000001,0
Abouab Oulfa,busway,1,33.546254299999994,-7.704933999999999,0
Achouhada,tram,1,33.588742,-7.567820000000001,0
Ain Diab Plage Terminus,tram,1,33.587608,-7.680950000000001,0
Al Inara,busway,1,33.539640000000006,-7.59923,2
Al Joulane,busway,1,33.54396,-7.562169999999999,0
Al Moustakbal,busway,1,33.531589999999994,-7.646720000000001,0
Al wifaq,tram,1,33.595686,-7.538122000000001,0
Ali Yaata,tram,1,33.59147599999999,-7.569933000000001,0
Amgala,busway,1,33.53991299999999,-7.579049999999999,0
Anciens Abattoirs,tram,1,33.59118099999999,-7.579401999999999,0
Anfa Clubs,tram,1,33.56101799999999,-7.653188,0
Anfa Park (Non desservi),tram,1,33.559831,-7.657648000000001,0
Anoual,tram,1,33.569419,-7.625025,2
Attacharouk,tram,1,33.574052,-7.524465000000001,1
Azzohour,busway,1,33.53061999999999,-7.622920000000001,0
Aéropostale,busway,1,33.56508049999999,-7.6605004,1
Bachkou,tram,1,33.564119,-7.627425000000001,2
Bahmad,tram,1,33.594080000000005,-7.587257,1
Bd Mohammed VI,tram,1,33.54352200000001,-7.581526000000001,0
Beauséjour,tram,1,33.564245,-7.648021000000001,0
Boulevard du Nil,tram,1,33.566438999999995,-7.564725,0
C.I.L.,busway,1,33.56734029999999,-7.656237499999999,1
Californie,busway,1,33.53131,-7.63056,0
Carrières Centrales,tram,1,33.592719,-7.564481,0
Casa Nearshore,busway,1,33.530229999999996,-7.63878,0
Casa Port Terminus,tram,1,33.597952,-7.610986,0
Casa Voyageurs,tram,1,33.59062000000001,-7.592358,1
Centre de Maintenance,tram,1,33.57934399999999,-7.513379,0
Chtaiba,tram,1,33.565172999999994,-7.570755,0
Cimetière Achohada (Non desservi),tram,1,33.576663999999994,-7.5743860000000005,0
Cité De L'air,tram,1,33.56832299999999,-7.664376,3
Croisement Abd El Moumen,tram,2,33.56967,-7.62602,1
Dar Attouzani,tram,1,33.548915,-7.586522000000001,2
Derb Chorfa,tram,1,33.56644099999999,-7.595613,0
Derb Ghalef,tram,1,33.57005899999999,-7.631693000000001,1
Derb Milan,tram,1,33.57204999999999,-7.580811,0
Derb Tolba,tram,1,33.571003000000005,-7.596705,0
Ennassim,tram,1,33.584638999999996,-7.504737,0
Errahma,busway,1,33.531499999999994,-7.728760000000001,0
Essafa,busway,1,33.5509075,-7.6962079,0
Faculté de Médecine,tram,1,33.57463899999998,-7.625807,2
Facultés,tram,1,33.54573,-7.65761,0
Forces Auxiliaires,tram,1,33.5748,-7.539628,0
Garage Allal,tram,1,33.575684,-7.598978,0
Gare Casa Sud,tram,1,33.54221700000001,-7.6511,0
Ghandi,tram,1,33.568549999999995,-7.64492,1
Grande Ceinture,tram,1,33.59060899999999,-7.572976000000001,0
Habous,tram,1,33.578545,-7.600533999999999,0
Haj Fateh,busway,1,33.55332000000001,-7.689889999999999,0
Hay Adil,tram,1,33.579272,-7.568178,1
Hay Al Wahda Terminus,tram,1,33.545766,-7.547381,0
Hay Assalama,tram,1,33.56768199999999,-7.558373999999999,0
Hay Chrifa,busway,1,33.53509,-7.60989,0
Hay El Falah,tram,1,33.563379,-7.547674000000001,0
Hay El Farah,tram,1,33.571639,-7.586414,0
Hay Hassani,tram,1,33.57656699999999,-7.672932,1
Hay Mohammadi,tram,1,33.58514399999999,-7.566664,0
Hay Raja,tram,1,33.576612,-7.548226,2
Hay Tissir,tram,1,33.572387,-7.580565000000001,0
Hermitage,tram,1,33.569186,-7.617908000000001,3
Hôpital Sidi Moumen,tram,1,33.576404,-7.517978,0
Ibn Tachfine,tram,1,33.58071499999999,-7.562997,1
Idriss El Allam,tram,1,33.559666,-7.550889999999999,0
Idriss El Harti,tram,1,33.561418,-7.550958,0
Ifni,tram,1,33.584669,-7.598034000000001,1
Jaber Ibn Hayane,tram,1,33.588753,-7.607660999999999,0
Jardin Alesco,tram,1,33.550819000000004,-7.568671000000003,0
Jardin Sunday,busway,1,33.536584999999995,-7.574147,0
La Ferme,busway,1,33.5225031,-7.751190300000001,0
La Gironde,tram,1,33.58736,-7.60094,1
La Perception,busway,1,33.53791460000001,-7.7186159000000005,0
La Rocade,busway,1,33.54383200000001,-7.709205100000001,0
La Résistance,tram,1,33.593433,-7.602797,0
Lahrizi,busway,1,33.540041999999985,-7.56847,0
Laymoune,tram,1,33.54016399999999,-7.666361,0
Les Ecoles,busway,1,33.526576500000004,-7.7398515,0
Les Hôpitaux,tram,1,33.57996899999999,-7.624865,2
Les Jardins D’Errahma,busway,1,33.53837600000001,-7.71789,0
Les Musées,busway,1,33.56335,-7.663800000000001,0
Lissasfa Terminus,tram,1,33.53525799999999,-7.669981,0
Littoral,tram,1,33.580926999999996,-7.674801999999999,2
Marché Central,tram,1,33.594459,-7.612105000000001,0
Mdakra,tram,1,33.581275,-7.563372,1
Mekka,tram,1,33.558359,-7.629648,3
Mers Sultan,tram,1,33.587664999999994,-7.615892,2
Mohamed Diouri,tram,1,33.593613,-7.607416,0
Mohammed Bouziane,tram,1,33.563561,-7.554288000000001,0
Mohammed Erradi Terminus,tram,1,33.5691,-7.517936,0
Mohammed Jaudar,tram,1,33.568404,-7.536147000000001,0
Mohammed Smiha,tram,1,33.59267599999999,-7.608677,0
Mohammed Zefzaf,tram,1,33.582128,-7.509011000000002,0
Mohammed Zerktouni,tram,1,33.58502,-7.606005000000001,0
Moulay Rachid,tram,1,33.57149099999999,-7.531256000000001,0
Moulay Thami,busway,1,33.548467999999986,-7.70109,0
Moulouya,busway,1,33.5563254,-7.6835188,1
Okba Ibn Nafii,tram,1,33.57300699999999,-7.532854000000001,0
Omar El Khayam Terminus,busway,1,33.54028,-7.66692,0
Oued Beht,busway,1,33.558356399999994,-7.6794476,0
Oued Laou,busway,1,33.55993780000001,-7.674667600000001,0
Oued Oum Rabia,busway,1,33.561479999999996,-7.66949,0
Oued Sbou,busway,1,33.5285408,-7.7338312,0
Oulad Haddou,busway,1,33.537229999999994,-7.605220000000001,0
Ouled Ahmed,busway,1,33.52484749999999,-7.7461298,0
Ouled Azzouz Terminus,busway,1,33.51852780000001,-7.7576399,0
Oulmes Terminus,busway,1,33.57153,-7.648690000000001,0
Panoramique,tram,1,33.547338999999994,-7.631964,1
Parc de la ligue arabe Terminus,tram,1,33.587935,-7.621748,1
Place Al Yassir,tram,1,33.592837,-7.596692,0
Place Financière,tram,1,33.562307,-7.660902,0
Place Mohammed V,tram,1,33.589746000000005,-7.619918999999999,1
Place Sraghna,tram,1,33.56962500000001,-7.602231,0
Place de la Victoire,tram,1,33.587849,-7.608287000000001,0
Place des Nations Unies,tram,1,33.59488900000001,-7.618149,0
Préfecture Ain Sbaa,tram,1,33.602133,-7.530003,0
Riviera,tram,1,33.570942999999986,-7.636231,0
Salmia 2 Terminus,busway,1,33.53714999999998,-7.550830000000002,0
Sbata,busway,1,33.538579999999996,-7.554766999999999,0
Sefrou,busway,1,33.54241999999999,-7.588520000000002,1
Sidi Bernoussi Terminus,tram,1,33.610125,-7.509822,0
Sidi Maarouf,busway,1,33.53291999999998,-7.651210000000001,0
Sidi Moumen Terminus,tram,1,33.586647,-7.501958,0
Stade Tessema,busway,1,33.5410958,-7.558728000000001,0
Taddart,busway,1,33.53232999999999,-7.61663,0
Taza,busway,1,33.54205999999999,-7.58992,1
Technopark,tram,1,33.544749,-7.638060000000001,0
Yaacoub Al Mansour,busway,1,33.56944,-7.652720000000001,0
Zenith,tram,1,33.54091699999999,-7.643434999999999,0
Zone Industrielle,tram,1,33.570725,-7.52395,0
kissariat Hay Mohammadi,tram,1,33.58712500000001,-7.563622,0
