element,id,name,amenity,geometry,point_geom,lon,lat,longitude,latitude
node,2481427727,Hôpital Riad Al Mokha,hospital,POINT (-7.9880222 31.6228327),POINT (-7.9880222 31.6228327),-7.9880222,31.6228327,-7.9880222,31.6228327
node,2916440455,,clinic,POINT (-8.0055756 31.6316981),POINT (-8.0055756 31.6316981),-8.0055756,31.6316981,-8.0055756,31.6316981
node,4361734090,الترويض الطبي,hospital,POINT (-8.0572744 31.6318134),POINT (-8.0572744 31.6318134),-8.0572744,31.6318134,-8.0572744,31.6318134
node,4595268265,,clinic,POINT (-7.9919455 31.6314435),POINT (-7.9919455 31.6314435),-7.9919455,31.6314435,-7.9919455,31.6314435
node,4671702792,مصحة المطار,clinic,POINT (-8.0278849 31.5954941),POINT (-8.0278849 31.5954941),-8.0278849,31.5954941,-8.0278849,31.5954941
node,4828119221,Clinique Oumouma,clinic,POINT (-8.0421509 31.6497404),POINT (-8.0421509 31.6497404),-8.0421509,31.6497404,-8.0421509,31.6497404
node,4828119321,Clinique Grand Atlas,clinic,POINT (-8.0417553 31.6511833),POINT (-8.0417553 31.6511833),-8.0417553,31.6511833,-8.0417553,31.6511833
node,4867950023,Clinique spécialisée Menara المصحة المختصة المنارة,clinic,POINT (-8.0120108 31.6405221),POINT (-8.0120108 31.6405221),-8.0120108,31.6405221,-8.0120108,31.6405221
node,5066644792,Croissant Rouge Maroccaine,hospital,POINT (-7.9848854 31.6205269),POINT (-7.9848854 31.6205269),-7.9848854,31.6205269,-7.9848854,31.6205269
node,5637121083,Infirmary,hospital,POINT (-7.9927378 31.5342243),POINT (-7.9927378 31.5342243),-7.9927378,31.5342243,-7.9927378,31.5342243
node,5664405124,Chirurgie Generale Medecine Nucleaire,clinic,POINT (-8.0482873 31.6495455),POINT (-8.0482873 31.6495455),-8.0482873,31.6495455,-8.0482873,31.6495455
node,8308714643,Mustawsaf Sidi Zouine,clinic,POINT (-8.3481932 31.6672166),POINT (-8.3481932 31.6672166),-8.3481932,31.6672166,-8.3481932,31.6672166
node,12184781801,Hopital charifa,hospital,POINT (-7.9660628 31.6067425),POINT (-7.9660628 31.6067425),-7.9660628,31.6067425,-7.9660628,31.6067425
way,46791011,Hospital Ibn Zohr,hospital,"POLYGON ((-7.9968528 31.6181972, -7.9950905 31.6187917, -7.9951364 31.6188832, -7.995 31.6189221, -7.9948636 31.6189515, -7.9948013 31.6189738, -7.9947866 31.6189485, -7.9947423 31.6188522, -7.9946224 31.6189063, -7.9944893 31.618956, -7.9944513 31.6189661, -7.9944422 31.6189503, -7.994432 31.61893, -7.9944233 31.6189129, -7.9943876 31.6188423, -7.9944171 31.6188298, -7.9944028 31.6187984, -7.9943787 31.618733, -7.9943365 31.618618, -7.9943158 31.6185605, -7.9943063 31.6185341, -7.9943009 31.6185166, -7.9942742 31.6184303, -7.994249 31.6183486, -7.9943043 31.6183273, -7.9942928 31.6182398, -7.9942896 31.6182159, -7.9942871 31.6181971, -7.9942725 31.6180867, -7.994263 31.6180145, -7.9942612 31.6180007, -7.9942574 31.6179717, -7.9941575 31.6179982, -7.9941383 31.6179603, -7.9941169 31.6178908, -7.9940868 31.6178112, -7.9941131 31.6178041, -7.9942644 31.6177671, -7.9943734 31.6177341, -7.9944964 31.6176969, -7.9945644 31.6176763, -7.994589 31.617722, -7.9946889 31.6176827, -7.9947794 31.6176471, -7.9947409 31.6175861, -7.9947186 31.6175507, -7.9951455 31.6174991, -7.9952109 31.6174912, -7.9953714 31.6174717, -7.995577 31.6174468, -7.9956675 31.6174359, -7.9957319 31.6174527, -7.9959934 31.6174156, -7.996447 31.6173513, -7.9964698 31.6174036, -7.9965325 31.617546, -7.9965684 31.6176098, -7.996614 31.6176908, -7.9967219 31.6179264, -7.9967718 31.6179132, -7.9967452 31.617974, -7.9967922 31.6180725, -7.9968109 31.6181098, -7.9968528 31.6181972))",POINT (-7.995556576737701 31.61815345),-7.995556576737701,31.61815345,-7.995556576737701,31.61815345
way,150782355,Centre Hospitalier Universitaire Mohammed VI,hospital,"POLYGON ((-7.9973435 31.6655148, -7.9962411 31.6655764, -7.9962089 31.6652385, -7.9959836 31.6651906, -7.9951494 31.665412, -7.9950422 31.6651746, -7.9947622 31.6646908, -7.9943045 31.6639692, -7.9935508 31.6627821, -7.9936206 31.6626428, -7.9947525 31.6623734, -7.9950341 31.6623232, -7.9958951 31.6623346, -7.9961445 31.6622205, -7.9963538 31.6620698, -7.9965522 31.6619191, -7.9966998 31.6617936, -7.9968392 31.6616178, -7.9969948 31.6614009, -7.9971826 31.6611566, -7.9973408 31.6618826, -7.9974561 31.6618575, -7.9976546 31.6625926, -7.9975607 31.662757, -7.9975447 31.6629351, -7.9975527 31.6631474, -7.9974293 31.6632524, -7.9973489 31.66333, -7.9973274 31.6633757, -7.9965147 31.6635903, -7.9965844 31.6637181, -7.9967159 31.663814, -7.9967936 31.6638962, -7.9968446 31.6640674, -7.9966005 31.6642181, -7.9971128 31.664766, -7.997314 31.6648961, -7.9972872 31.6650993, -7.9974561 31.6652888, -7.9973435 31.6655148))",POINT (-7.995625662041951 31.66335285),-7.995625662041951,31.66335285,-7.995625662041951,31.66335285
way,328555734,Hopital Ibn Tofaïl,hospital,"POLYGON ((-8.0171116 31.6409652, -8.0170544 31.6409092, -8.0169656 31.6408678, -8.0151171 31.6405779, -8.0138821 31.6403666, -8.0139376 31.6406485, -8.0138826 31.6406673, -8.013917 31.6407452, -8.0136422 31.6408451, -8.0137081 31.6409864, -8.0137331 31.6409782, -8.0137569 31.6410295, -8.0141309 31.6418303, -8.0141574 31.6419793, -8.0139514 31.642028, -8.0141582 31.6428241, -8.0143809 31.6427871, -8.014824 31.6426941, -8.0156921 31.6425334, -8.0161413 31.6424714, -8.0166957 31.6424335, -8.0170999 31.6423883, -8.0169087 31.6420252, -8.0175965 31.6417604, -8.0173539 31.6413413, -8.0171679 31.6410368, -8.0171116 31.6409652))",POINT (-8.015737793818683 31.64155085),-8.015737793818683,31.64155085,-8.015737793818683,31.64155085
way,328555735,Polyclinique du Sud,hospital,"POLYGON ((-8.0151143 31.6381627, -8.0150889 31.6381898, -8.0150436 31.6382006, -8.0149547 31.6381836, -8.0143416 31.6380661, -8.014293 31.6377293, -8.0144341 31.637686, -8.0143948 31.6375816, -8.0146642 31.6375058, -8.0148922 31.6374417, -8.0150227 31.6378279, -8.0151237 31.6381266, -8.0151143 31.6381627))",POINT (-8.014653077549678 31.6377786),-8.014653077549678,31.6377786,-8.014653077549678,31.6377786
way,339711680,Polyclinique les Narcisses,hospital,"POLYGON ((-8.0200153 31.6403329, -8.0195863 31.6404007, -8.0195329 31.6403892, -8.0194976 31.6403661, -8.0194823 31.6403352, -8.0194454 31.6401591, -8.0199659 31.6400865, -8.0200153 31.6403329))",POINT (-8.019730743353765 31.640246),-8.019730743353765,31.640246,-8.019730743353765,31.640246
way,369523440,Centre de procréation medicalement assistée,clinic,"POLYGON ((-7.9939405 31.6257454, -7.993892 31.6257158, -7.9939532 31.6256432, -7.993974 31.6256559, -7.9940017 31.6256728, -7.9939405 31.6257454))",POINT (-7.99394685 31.6256943),-7.99394685,31.6256943,-7.99394685,31.6256943
way,390401950,Clinique Nakhil مصحة النخيل,hospital,"POLYGON ((-8.0123509 31.6409531, -8.0122992 31.6407896, -8.012058 31.6408483, -8.0120752 31.6409111, -8.0120395 31.6411427, -8.0121293 31.6413545, -8.0123094 31.6412994, -8.0123743 31.6412762, -8.0122796 31.6410662, -8.012378 31.641039, -8.0123509 31.6409531))",POINT (-8.012171122488898 31.64110445),-8.012171122488898,31.64110445,-8.012171122488898,31.64110445
way,584436482,Clinique Internationale de Marrakech,hospital,"POLYGON ((-7.9969919 31.6130102, -7.9968121 31.6130875, -7.9967852 31.6130421, -7.996763 31.6130516, -7.9964919 31.6125943, -7.9967506 31.612483, -7.9970119 31.6129237, -7.9969551 31.6129482, -7.9969919 31.6130102))",POINT (-7.996751892350638 31.612759),-7.996751892350638,31.612759,-7.996751892350638,31.612759
way,589942599,Centre Hospitalier Universitaire Mohammed VI,hospital,"POLYGON ((-7.9964653 31.6644385, -7.9964847 31.6650391, -7.9961185 31.6650477, -7.9961178 31.6650269, -7.995794 31.6650344, -7.9957896 31.6648995, -7.9956946 31.6649017, -7.9956974 31.6649891, -7.99548 31.6649942, -7.9954744 31.6648206, -7.9953644 31.6648232, -7.9953719 31.6650559, -7.9952065 31.6650598, -7.9951872 31.664462, -7.9953778 31.6644575, -7.9953862 31.6647158, -7.9954667 31.6647139, -7.9954625 31.6645837, -7.9956945 31.6645783, -7.9956948 31.6645864, -7.9957672 31.6645847, -7.995763 31.6644549, -7.9964653 31.6644385))",POINT (-7.995836517665589 31.664768199999997),-7.995836517665589,31.664768199999997,-7.995836517665589,31.664768199999997
way,591102747,,hospital,"POLYGON ((-8.0382104 31.595144, -8.0381344 31.5949827, -8.0383791 31.5948991, -8.0384551 31.5950604, -8.0382104 31.595144))",POINT (-8.038294749999999 31.59502155),-8.038294749999999,31.59502155,-8.038294749999999,31.59502155
way,593873204,Clinique Le Marrakech,hospital,"POLYGON ((-8.0514442 31.6537779, -8.0507214 31.6541048, -8.050479 31.6542122, -8.0502454 31.6538305, -8.0503196 31.6537975, -8.0502746 31.6537241, -8.050231 31.653654, -8.0504002 31.6534822, -8.0506075 31.6533258, -8.0509367 31.6531616, -8.0514442 31.6537779))",POINT (-8.050811917674022 31.65368905),-8.050811917674022,31.65368905,-8.050811917674022,31.65368905
way,593873242,Urgences: Cardiologiques Centre de la Douleur,hospital,"POLYGON ((-8.0484817 31.6497395, -8.0482775 31.6498519, -8.0481038 31.6496231, -8.048308 31.6495107, -8.0484817 31.6497395))",POINT (-8.048292749999998 31.649681299999997),-8.048292749999998,31.649681299999997,-8.048292749999998,31.649681299999997
way,789197469,Clinique Toubkal,hospital,"POLYGON ((-8.0540613 31.6498262, -8.0544841 31.6499706, -8.0546875 31.649539, -8.0542648 31.6493946, -8.0540613 31.6498262))",POINT (-8.054374416635774 31.6496826),-8.054374416635774,31.6496826,-8.054374416635774,31.6496826
way,789241701,Hopital Militaire Avicenne,hospital,"POLYGON ((-8.021433 31.6336812, -8.0204806 31.6340829, -8.0204629 31.6351115, -8.0207319 31.6356333, -8.0210802 31.6358135, -8.0229542 31.6351302, -8.0227103 31.6345744, -8.0223988 31.6346109, -8.0221496 31.634286, -8.0216629 31.6338152, -8.0215383 31.6337058, -8.021433 31.6336812))",POINT (-8.021651681342872 31.6348612),-8.021651681342872,31.6348612,-8.021651681342872,31.6348612
way,789242646,Hôpital El Antaki مستشفى الأنطاكي,hospital,"POLYGON ((-7.985226 31.6364217, -7.9849471 31.637103, -7.9842655 31.6369008, -7.9845443 31.6362195, -7.985226 31.6364217))",POINT (-7.984745732419639 31.63666125),-7.984745732419639,31.63666125,-7.984745732419639,31.63666125
way,1181727857,Centre de Santé,hospital,"POLYGON ((-7.9721271 31.618347, -7.9720503 31.6181865, -7.9716634 31.6183209, -7.9717402 31.6184813, -7.9721271 31.618347))",POINT (-7.971895251946536 31.61833395),-7.971895251946536,31.61833395,-7.971895251946536,31.61833395
way,1320549590,Clinique Lemsalah,hospital,"POLYGON ((-7.9704368 31.6121797, -7.9702837 31.6116445, -7.9690401 31.6119556, -7.9693087 31.6124862, -7.9704368 31.6121797))",POINT (-7.969750784356925 31.61206765),-7.969750784356925,31.61206765,-7.969750784356925,31.61206765
